-- ============================================================================
-- DiNC Platform — PostgreSQL Implementation
-- File 06: Metadata seed — generated verbatim from the frozen workbook
-- Source     : DiNC_Metadata_Master_v1.8.xlsx
-- SHA-256    : c25641bbcb77fbf27f2b103aa189fdb5bc6027621a71adf28bfb041c99da7e26
-- Idempotent : yes (ON CONFLICT DO NOTHING on every statement; deterministic
--              UUIDv5 keys mean a re-run inserts nothing and changes nothing)
-- Order      : dependency waves per Blueprint section 5 / Design Task 5
-- NOTE       : the workbook's Enum_Reference documentation row
--              "condition_code | (null)" is intentionally not loaded — NULL
--              condition_code means "unconditional" (documented NULL semantics).
-- ============================================================================

BEGIN;

-- ---- enum_reference (21 rows, from worksheet 'Enum_Reference') ----
INSERT INTO dinc_metadata.enum_reference (enum_column, allowed_value, meaning) VALUES ('schedule_type', 'ONE_TIME', 'Event occurs once. repeat_* columns are null.') ON CONFLICT (enum_column, allowed_value) DO NOTHING;
INSERT INTO dinc_metadata.enum_reference (enum_column, allowed_value, meaning) VALUES ('schedule_type', 'RECURRING', 'Event repeats. Uses repeat_interval_days and repeat_count.') ON CONFLICT (enum_column, allowed_value) DO NOTHING;
INSERT INTO dinc_metadata.enum_reference (enum_column, allowed_value, meaning) VALUES ('schedule_type', 'SCHEDULE_DRIVEN', 'Timing fixed by an external official schedule. Requires reference_source.') ON CONFLICT (enum_column, allowed_value) DO NOTHING;
INSERT INTO dinc_metadata.enum_reference (enum_column, allowed_value, meaning) VALUES ('anchor_type', 'PROGRAMME_REGISTRATION', 'Offset measured from the programme registration/entry date.') ON CONFLICT (enum_column, allowed_value) DO NOTHING;
INSERT INTO dinc_metadata.enum_reference (enum_column, allowed_value, meaning) VALUES ('anchor_type', 'PREVIOUS_EVENT_COMPLETION', 'Offset measured from completion of dependency_event_code.') ON CONFLICT (enum_column, allowed_value) DO NOTHING;
INSERT INTO dinc_metadata.enum_reference (enum_column, allowed_value, meaning) VALUES ('anchor_type', 'BIRTH_DATE', 'Offset measured from the child date of birth (immunization).') ON CONFLICT (enum_column, allowed_value) DO NOTHING;
INSERT INTO dinc_metadata.enum_reference (enum_column, allowed_value, meaning) VALUES ('condition_code', 'HIGH_RISK', 'Created only for high-risk patients (e.g. PMSMA, HRP).') ON CONFLICT (enum_column, allowed_value) DO NOTHING;
INSERT INTO dinc_metadata.enum_reference (enum_column, allowed_value, meaning) VALUES ('condition_code', 'FEMALE_ONLY', 'Created only for female beneficiaries (e.g. HPV).') ON CONFLICT (enum_column, allowed_value) DO NOTHING;
INSERT INTO dinc_metadata.enum_reference (enum_column, allowed_value, meaning) VALUES ('condition_code', 'IF_INITIATED', 'Created only if the care stream is initiated/started.') ON CONFLICT (enum_column, allowed_value) DO NOTHING;
INSERT INTO dinc_metadata.enum_reference (enum_column, allowed_value, meaning) VALUES ('condition_code', 'IF_INDICATED', 'Created only if clinically indicated/required.') ON CONFLICT (enum_column, allowed_value) DO NOTHING;
INSERT INTO dinc_metadata.enum_reference (enum_column, allowed_value, meaning) VALUES ('condition_code', 'ON_REFERRAL', 'On-demand service created upon referral.') ON CONFLICT (enum_column, allowed_value) DO NOTHING;
INSERT INTO dinc_metadata.enum_reference (enum_column, allowed_value, meaning) VALUES ('workflow_action', 'COMPLETE_ACTIVITY', 'Instructs the workflow engine to mark the current Activity complete when this field is successfully answered. The only v1 value.') ON CONFLICT (enum_column, allowed_value) DO NOTHING;
INSERT INTO dinc_metadata.enum_reference (enum_column, allowed_value, meaning) VALUES ('next_action', 'FOLLOW_PROGRAM_SCHEDULE', 'After a SUCCESS call, continue with the existing Programme→Event→Activity schedule in Schedule_Rule; no follow-up delay.') ON CONFLICT (enum_column, allowed_value) DO NOTHING;
INSERT INTO dinc_metadata.enum_reference (enum_column, allowed_value, meaning) VALUES ('next_action', 'CREATE_FOLLOWUP', 'After a non-success call, create a follow-up task after followup_delay_days.') ON CONFLICT (enum_column, allowed_value) DO NOTHING;
INSERT INTO dinc_metadata.enum_reference (enum_column, allowed_value, meaning) VALUES ('priority', 'NORMAL', 'Standard follow-up priority.') ON CONFLICT (enum_column, allowed_value) DO NOTHING;
INSERT INTO dinc_metadata.enum_reference (enum_column, allowed_value, meaning) VALUES ('priority', 'HIGH', 'Elevated follow-up priority.') ON CONFLICT (enum_column, allowed_value) DO NOTHING;
INSERT INTO dinc_metadata.enum_reference (enum_column, allowed_value, meaning) VALUES ('priority', 'URGENT', 'Highest follow-up priority (e.g. patient hospitalised).') ON CONFLICT (enum_column, allowed_value) DO NOTHING;
INSERT INTO dinc_metadata.enum_reference (enum_column, allowed_value, meaning) VALUES ('scope_level', 'GLOBAL', 'Content applies platform-wide (scope_code = ALL). Used for cross-cutting FAQs, general schemes, communication/infection-control training.') ON CONFLICT (enum_column, allowed_value) DO NOTHING;
INSERT INTO dinc_metadata.enum_reference (enum_column, allowed_value, meaning) VALUES ('scope_level', 'PROGRAMME', 'Content applies to a specific Programme (scope_code = a PRG-xxx code).') ON CONFLICT (enum_column, allowed_value) DO NOTHING;
INSERT INTO dinc_metadata.enum_reference (enum_column, allowed_value, meaning) VALUES ('scope_level', 'EVENT', 'Reserved: content scoped to a specific Event (scope_code = EVT-xxx). Unused in v1 (no event-level source content).') ON CONFLICT (enum_column, allowed_value) DO NOTHING;
INSERT INTO dinc_metadata.enum_reference (enum_column, allowed_value, meaning) VALUES ('scope_level', 'ACTIVITY', 'Reserved: content scoped to a specific Activity (scope_code = ACT-xxx). Unused in v1 (no activity-level source content).') ON CONFLICT (enum_column, allowed_value) DO NOTHING;

-- ---- programme (12 rows, from worksheet 'Programme') ----
INSERT INTO dinc_metadata.programme (programme_id, programme_code, programme_name, display_order) VALUES ('e7410671-ec52-54bb-8b54-161d7d7ff024', 'PRG-001', 'Care in Pregnancy & Childbirth', 1) ON CONFLICT (programme_id) DO NOTHING;
INSERT INTO dinc_metadata.programme (programme_id, programme_code, programme_name, display_order) VALUES ('f652ccd6-944c-5489-9840-81587258520f', 'PRG-002', 'Neonatal & Infant Health Care', 2) ON CONFLICT (programme_id) DO NOTHING;
INSERT INTO dinc_metadata.programme (programme_id, programme_code, programme_name, display_order) VALUES ('8dcfab5f-dbf6-5cdd-b418-9c4a7b008f36', 'PRG-003', 'Childhood & Adolescent Health Care (incl. Immunization)', 3) ON CONFLICT (programme_id) DO NOTHING;
INSERT INTO dinc_metadata.programme (programme_id, programme_code, programme_name, display_order) VALUES ('5e0967f1-f584-5e94-9b1b-0279c6ae9d35', 'PRG-004', 'Family Planning, Contraception & Reproductive Health Care', 4) ON CONFLICT (programme_id) DO NOTHING;
INSERT INTO dinc_metadata.programme (programme_id, programme_code, programme_name, display_order) VALUES ('993859ed-601c-5f34-b8cf-5c55485ccc3c', 'PRG-005', 'Management of Communicable Diseases (National Health Programmes)', 5) ON CONFLICT (programme_id) DO NOTHING;
INSERT INTO dinc_metadata.programme (programme_id, programme_code, programme_name, display_order) VALUES ('048ea69f-deec-5e09-89df-89abdb6ea920', 'PRG-006', 'Care for Acute Simple Illnesses & Minor Ailments (General OPD)', 6) ON CONFLICT (programme_id) DO NOTHING;
INSERT INTO dinc_metadata.programme (programme_id, programme_code, programme_name, display_order) VALUES ('708a53bd-db8c-56f2-9156-1573594c713a', 'PRG-007', 'Screening & Management of Non-Communicable Diseases (NCDs / NPCDCS)', 7) ON CONFLICT (programme_id) DO NOTHING;
INSERT INTO dinc_metadata.programme (programme_id, programme_code, programme_name, display_order) VALUES ('d4d3a812-ac4e-5c8d-abb2-ff0e9cb40bae', 'PRG-008', 'Screening & Basic Management of Mental Health Ailments (NMHP/DMHP)', 8) ON CONFLICT (programme_id) DO NOTHING;
INSERT INTO dinc_metadata.programme (programme_id, programme_code, programme_name, display_order) VALUES ('28ffe526-8ca0-5e89-89bf-05eb30ac2f40', 'PRG-009', 'Care for Common Ophthalmic & ENT Problems', 9) ON CONFLICT (programme_id) DO NOTHING;
INSERT INTO dinc_metadata.programme (programme_id, programme_code, programme_name, display_order) VALUES ('4d4debb1-8593-5ebc-91e3-91b351eba02e', 'PRG-010', 'Basic Oral Health Care', 10) ON CONFLICT (programme_id) DO NOTHING;
INSERT INTO dinc_metadata.programme (programme_id, programme_code, programme_name, display_order) VALUES ('0a5fe280-d113-5be7-838b-3828347171e2', 'PRG-011', 'Elderly & Palliative Health Care (NPHCE)', 11) ON CONFLICT (programme_id) DO NOTHING;
INSERT INTO dinc_metadata.programme (programme_id, programme_code, programme_name, display_order) VALUES ('710e1c30-a80f-51b4-9fc9-9e6faa698ffb', 'PRG-012', 'Emergency Medical Services, Trauma & Wellness (Health Promotion)', 12) ON CONFLICT (programme_id) DO NOTHING;

-- ---- event (65 rows, from worksheet 'Event') ----
INSERT INTO dinc_metadata.event (event_id, event_code, programme_id, event_name, display_order) VALUES ('0b2b5c1d-6419-5522-bed0-2b9b39cfd0d7', 'EVT-001', 'e7410671-ec52-54bb-8b54-161d7d7ff024', 'ANC 1 - Registration Visit', 1) ON CONFLICT (event_id) DO NOTHING;
INSERT INTO dinc_metadata.event (event_id, event_code, programme_id, event_name, display_order) VALUES ('d34c1ddb-1e4f-5a8a-ae4b-2b3e1af88e45', 'EVT-002', 'e7410671-ec52-54bb-8b54-161d7d7ff024', 'ANC 2', 2) ON CONFLICT (event_id) DO NOTHING;
INSERT INTO dinc_metadata.event (event_id, event_code, programme_id, event_name, display_order) VALUES ('c2bf1027-2ec5-5a41-9797-1e80b8b23b60', 'EVT-003', 'e7410671-ec52-54bb-8b54-161d7d7ff024', 'ANC 3', 3) ON CONFLICT (event_id) DO NOTHING;
INSERT INTO dinc_metadata.event (event_id, event_code, programme_id, event_name, display_order) VALUES ('2a447da1-8888-51e9-bd2a-c8c763066a74', 'EVT-004', 'e7410671-ec52-54bb-8b54-161d7d7ff024', 'ANC 4', 4) ON CONFLICT (event_id) DO NOTHING;
INSERT INTO dinc_metadata.event (event_id, event_code, programme_id, event_name, display_order) VALUES ('12db76ce-a310-5d03-9a75-c8d50d9a7872', 'EVT-005', 'e7410671-ec52-54bb-8b54-161d7d7ff024', 'PMSMA Visit', 5) ON CONFLICT (event_id) DO NOTHING;
INSERT INTO dinc_metadata.event (event_id, event_code, programme_id, event_name, display_order) VALUES ('eafd5f2b-5b4d-5702-951f-d025759b6d99', 'EVT-006', 'e7410671-ec52-54bb-8b54-161d7d7ff024', 'HRP Follow-up & Tracking', 6) ON CONFLICT (event_id) DO NOTHING;
INSERT INTO dinc_metadata.event (event_id, event_code, programme_id, event_name, display_order) VALUES ('4e909bb9-efc2-526c-b27e-a3fd6993560a', 'EVT-007', 'e7410671-ec52-54bb-8b54-161d7d7ff024', 'Intranatal Care / Delivery', 7) ON CONFLICT (event_id) DO NOTHING;
INSERT INTO dinc_metadata.event (event_id, event_code, programme_id, event_name, display_order) VALUES ('827bc9d7-1488-59d2-961f-b4054f5b2456', 'EVT-008', 'e7410671-ec52-54bb-8b54-161d7d7ff024', 'PNC Home Visits', 8) ON CONFLICT (event_id) DO NOTHING;
INSERT INTO dinc_metadata.event (event_id, event_code, programme_id, event_name, display_order) VALUES ('e85d8705-a46f-5ae1-8c63-4a81875bacc6', 'EVT-009', 'f652ccd6-944c-5489-9840-81587258520f', 'Essential Newborn Care at Birth', 1) ON CONFLICT (event_id) DO NOTHING;
INSERT INTO dinc_metadata.event (event_id, event_code, programme_id, event_name, display_order) VALUES ('fd6852cd-905f-54ee-92c9-b478421de150', 'EVT-010', 'f652ccd6-944c-5489-9840-81587258520f', 'HBNC Visits', 2) ON CONFLICT (event_id) DO NOTHING;
INSERT INTO dinc_metadata.event (event_id, event_code, programme_id, event_name, display_order) VALUES ('5935e642-b189-5159-94d6-910b077ea349', 'EVT-011', 'f652ccd6-944c-5489-9840-81587258520f', 'HBYC Visits', 3) ON CONFLICT (event_id) DO NOTHING;
INSERT INTO dinc_metadata.event (event_id, event_code, programme_id, event_name, display_order) VALUES ('5d896a21-4784-561c-b199-f720933b1659', 'EVT-012', '8dcfab5f-dbf6-5cdd-b418-9c4a7b008f36', 'Immunization Session — Birth (within 24–72 h of birth)', 1) ON CONFLICT (event_id) DO NOTHING;
INSERT INTO dinc_metadata.event (event_id, event_code, programme_id, event_name, display_order) VALUES ('8adea31b-41d1-53ec-afa0-bbe9c332ca3c', 'EVT-013', '8dcfab5f-dbf6-5cdd-b418-9c4a7b008f36', 'Immunization Session — 6 weeks', 2) ON CONFLICT (event_id) DO NOTHING;
INSERT INTO dinc_metadata.event (event_id, event_code, programme_id, event_name, display_order) VALUES ('d16a8c9a-3374-5bee-a523-2e26834a0a17', 'EVT-014', '8dcfab5f-dbf6-5cdd-b418-9c4a7b008f36', 'Immunization Session — 10 weeks', 3) ON CONFLICT (event_id) DO NOTHING;
INSERT INTO dinc_metadata.event (event_id, event_code, programme_id, event_name, display_order) VALUES ('c1d9e33d-d06e-5654-94f3-d9fa3fbc1dfb', 'EVT-015', '8dcfab5f-dbf6-5cdd-b418-9c4a7b008f36', 'Immunization Session — 14 weeks', 4) ON CONFLICT (event_id) DO NOTHING;
INSERT INTO dinc_metadata.event (event_id, event_code, programme_id, event_name, display_order) VALUES ('86c2f5fb-83b8-5ef3-bfb1-c1b733bbba38', 'EVT-016', '8dcfab5f-dbf6-5cdd-b418-9c4a7b008f36', 'Immunization Session — 6 months', 5) ON CONFLICT (event_id) DO NOTHING;
INSERT INTO dinc_metadata.event (event_id, event_code, programme_id, event_name, display_order) VALUES ('d29eb8dd-e540-55f6-92a5-200048bf8c85', 'EVT-017', '8dcfab5f-dbf6-5cdd-b418-9c4a7b008f36', 'Immunization Session — 7 months', 6) ON CONFLICT (event_id) DO NOTHING;
INSERT INTO dinc_metadata.event (event_id, event_code, programme_id, event_name, display_order) VALUES ('a8c0fdc9-a22e-5f01-a70b-cf01adb376fc', 'EVT-018', '8dcfab5f-dbf6-5cdd-b418-9c4a7b008f36', 'Immunization Session — 9 months', 7) ON CONFLICT (event_id) DO NOTHING;
INSERT INTO dinc_metadata.event (event_id, event_code, programme_id, event_name, display_order) VALUES ('cc2a03e4-4cf5-542f-a801-07be96867439', 'EVT-019', '8dcfab5f-dbf6-5cdd-b418-9c4a7b008f36', 'Immunization Session — 10 months', 8) ON CONFLICT (event_id) DO NOTHING;
INSERT INTO dinc_metadata.event (event_id, event_code, programme_id, event_name, display_order) VALUES ('eb50afbf-ca96-5045-b026-1eeb70dd8559', 'EVT-020', '8dcfab5f-dbf6-5cdd-b418-9c4a7b008f36', 'Immunization Session — 12 months', 9) ON CONFLICT (event_id) DO NOTHING;
INSERT INTO dinc_metadata.event (event_id, event_code, programme_id, event_name, display_order) VALUES ('2b3bbb90-0ea0-5834-9a9d-19afb0483ce6', 'EVT-021', '8dcfab5f-dbf6-5cdd-b418-9c4a7b008f36', 'Immunization Session — 13 months', 10) ON CONFLICT (event_id) DO NOTHING;
INSERT INTO dinc_metadata.event (event_id, event_code, programme_id, event_name, display_order) VALUES ('175f834c-6633-5cf7-b8f3-1e38fdac68b1', 'EVT-022', '8dcfab5f-dbf6-5cdd-b418-9c4a7b008f36', 'Immunization Session — 15 months', 11) ON CONFLICT (event_id) DO NOTHING;
INSERT INTO dinc_metadata.event (event_id, event_code, programme_id, event_name, display_order) VALUES ('1770cb93-51ad-568c-9f6d-a355419e9469', 'EVT-023', '8dcfab5f-dbf6-5cdd-b418-9c4a7b008f36', 'Immunization Session — 15–18 months', 12) ON CONFLICT (event_id) DO NOTHING;
INSERT INTO dinc_metadata.event (event_id, event_code, programme_id, event_name, display_order) VALUES ('ab2131b1-89ce-5cd3-9a88-3bda3000f078', 'EVT-024', '8dcfab5f-dbf6-5cdd-b418-9c4a7b008f36', 'Immunization Session — 16–18 months', 13) ON CONFLICT (event_id) DO NOTHING;
INSERT INTO dinc_metadata.event (event_id, event_code, programme_id, event_name, display_order) VALUES ('db4ab7f3-20c8-59e5-b4e2-baf5b3f1526c', 'EVT-025', '8dcfab5f-dbf6-5cdd-b418-9c4a7b008f36', 'Immunization Session — 18 months', 14) ON CONFLICT (event_id) DO NOTHING;
INSERT INTO dinc_metadata.event (event_id, event_code, programme_id, event_name, display_order) VALUES ('979b4a4a-5b11-5aa2-aed5-f904032bdfc0', 'EVT-026', '8dcfab5f-dbf6-5cdd-b418-9c4a7b008f36', 'Immunization Session — 2 years', 15) ON CONFLICT (event_id) DO NOTHING;
INSERT INTO dinc_metadata.event (event_id, event_code, programme_id, event_name, display_order) VALUES ('9817234a-feaf-55f2-9d52-28b5c75c5c7b', 'EVT-027', '8dcfab5f-dbf6-5cdd-b418-9c4a7b008f36', 'Immunization Session — 4–6 years', 16) ON CONFLICT (event_id) DO NOTHING;
INSERT INTO dinc_metadata.event (event_id, event_code, programme_id, event_name, display_order) VALUES ('02aeb79a-f482-54cf-9166-3d3f6427252d', 'EVT-028', '8dcfab5f-dbf6-5cdd-b418-9c4a7b008f36', 'Immunization Session — 9 years onwards (girls)', 17) ON CONFLICT (event_id) DO NOTHING;
INSERT INTO dinc_metadata.event (event_id, event_code, programme_id, event_name, display_order) VALUES ('f5bf22f6-9298-5c92-8eeb-e46f1cd2b498', 'EVT-029', '8dcfab5f-dbf6-5cdd-b418-9c4a7b008f36', 'Immunization Session — 10 years', 18) ON CONFLICT (event_id) DO NOTHING;
INSERT INTO dinc_metadata.event (event_id, event_code, programme_id, event_name, display_order) VALUES ('e654bdf2-a339-52dd-ad74-1e2400ce469b', 'EVT-030', '8dcfab5f-dbf6-5cdd-b418-9c4a7b008f36', 'Immunization Session — 16 years', 19) ON CONFLICT (event_id) DO NOTHING;
INSERT INTO dinc_metadata.event (event_id, event_code, programme_id, event_name, display_order) VALUES ('3d053f54-c38b-5583-b5b6-4d714798c323', 'EVT-031', '8dcfab5f-dbf6-5cdd-b418-9c4a7b008f36', 'Growth Monitoring at VHND', 20) ON CONFLICT (event_id) DO NOTHING;
INSERT INTO dinc_metadata.event (event_id, event_code, programme_id, event_name, display_order) VALUES ('4b54e60f-12b6-5f73-87d4-ebf1c8589f27', 'EVT-032', '8dcfab5f-dbf6-5cdd-b418-9c4a7b008f36', 'Biannual Health Rounds (Vitamin A / Deworming / IDCF)', 21) ON CONFLICT (event_id) DO NOTHING;
INSERT INTO dinc_metadata.event (event_id, event_code, programme_id, event_name, display_order) VALUES ('9b78fac4-3531-508e-9f09-3344caef1f55', 'EVT-033', '8dcfab5f-dbf6-5cdd-b418-9c4a7b008f36', 'RBSK Screening', 22) ON CONFLICT (event_id) DO NOTHING;
INSERT INTO dinc_metadata.event (event_id, event_code, programme_id, event_name, display_order) VALUES ('9c554dce-6568-59a4-b9fd-fdf52248368d', 'EVT-034', '8dcfab5f-dbf6-5cdd-b418-9c4a7b008f36', 'WIFS for Adolescents', 23) ON CONFLICT (event_id) DO NOTHING;
INSERT INTO dinc_metadata.event (event_id, event_code, programme_id, event_name, display_order) VALUES ('427e9871-a0a6-5125-9224-cd4b5a3a7ae3', 'EVT-035', '8dcfab5f-dbf6-5cdd-b418-9c4a7b008f36', 'Adolescent Health Counselling (RKSK/AFHC)', 24) ON CONFLICT (event_id) DO NOTHING;
INSERT INTO dinc_metadata.event (event_id, event_code, programme_id, event_name, display_order) VALUES ('c9ca9720-70a7-5ce9-948f-8e93494bf19a', 'EVT-036', '5e0967f1-f584-5e94-9b1b-0279c6ae9d35', 'Eligible Couple Registration & Survey', 1) ON CONFLICT (event_id) DO NOTHING;
INSERT INTO dinc_metadata.event (event_id, event_code, programme_id, event_name, display_order) VALUES ('d50de101-d354-58d1-b147-85897e921132', 'EVT-037', '5e0967f1-f584-5e94-9b1b-0279c6ae9d35', 'FP Counselling & Spacing Method Provision', 2) ON CONFLICT (event_id) DO NOTHING;
INSERT INTO dinc_metadata.event (event_id, event_code, programme_id, event_name, display_order) VALUES ('0fe353ca-4e7f-52fd-bb2f-4cac7ada139b', 'EVT-038', '5e0967f1-f584-5e94-9b1b-0279c6ae9d35', 'Sterilization Services (Counselling & Referral)', 3) ON CONFLICT (event_id) DO NOTHING;
INSERT INTO dinc_metadata.event (event_id, event_code, programme_id, event_name, display_order) VALUES ('e981bbdc-e924-520f-8592-a0c2d0f03268', 'EVT-039', '5e0967f1-f584-5e94-9b1b-0279c6ae9d35', 'Post-partum & Post-abortion Family Planning', 4) ON CONFLICT (event_id) DO NOTHING;
INSERT INTO dinc_metadata.event (event_id, event_code, programme_id, event_name, display_order) VALUES ('645a2736-fcdb-585d-a50e-3de2e9208667', 'EVT-040', '5e0967f1-f584-5e94-9b1b-0279c6ae9d35', 'RTI/STI & Reproductive Health Services', 5) ON CONFLICT (event_id) DO NOTHING;
INSERT INTO dinc_metadata.event (event_id, event_code, programme_id, event_name, display_order) VALUES ('aa51a5b6-2781-5dc0-b606-29fe1e0c4fa3', 'EVT-041', '993859ed-601c-5f34-b8cf-5c55485ccc3c', 'TB Case Finding (Active + Passive)', 1) ON CONFLICT (event_id) DO NOTHING;
INSERT INTO dinc_metadata.event (event_id, event_code, programme_id, event_name, display_order) VALUES ('96db9c8b-f784-53e3-b097-b3d356d30003', 'EVT-042', '993859ed-601c-5f34-b8cf-5c55485ccc3c', 'TB Treatment & Adherence Support', 2) ON CONFLICT (event_id) DO NOTHING;
INSERT INTO dinc_metadata.event (event_id, event_code, programme_id, event_name, display_order) VALUES ('cb3ad837-295b-597d-88b1-c9cdc48daa51', 'EVT-043', '993859ed-601c-5f34-b8cf-5c55485ccc3c', 'Vector-Borne Disease Control (Malaria/Dengue/Chikungunya)', 3) ON CONFLICT (event_id) DO NOTHING;
INSERT INTO dinc_metadata.event (event_id, event_code, programme_id, event_name, display_order) VALUES ('858d7db6-dd19-545c-b43d-0822c31f7608', 'EVT-044', '993859ed-601c-5f34-b8cf-5c55485ccc3c', 'Leprosy Services (NLEP)', 4) ON CONFLICT (event_id) DO NOTHING;
INSERT INTO dinc_metadata.event (event_id, event_code, programme_id, event_name, display_order) VALUES ('e3b55e5f-a8fc-5aed-9386-d23584700e6a', 'EVT-045', '993859ed-601c-5f34-b8cf-5c55485ccc3c', 'Other CD Surveillance (IDSP/IHIP, NLF/Kala-azar, Zoonoses)', 5) ON CONFLICT (event_id) DO NOTHING;
INSERT INTO dinc_metadata.event (event_id, event_code, programme_id, event_name, display_order) VALUES ('c0462462-c4f8-5942-a20d-21cb7a19102a', 'EVT-046', '048ea69f-deec-5e09-89df-89abdb6ea920', 'OPD Consultation', 1) ON CONFLICT (event_id) DO NOTHING;
INSERT INTO dinc_metadata.event (event_id, event_code, programme_id, event_name, display_order) VALUES ('4df57fca-1297-5c4e-a81e-d6a10c1d90a6', 'EVT-047', '048ea69f-deec-5e09-89df-89abdb6ea920', 'Basic Laboratory Diagnostics', 2) ON CONFLICT (event_id) DO NOTHING;
INSERT INTO dinc_metadata.event (event_id, event_code, programme_id, event_name, display_order) VALUES ('df36b545-46b2-5271-9a88-70c905d79d7a', 'EVT-048', '048ea69f-deec-5e09-89df-89abdb6ea920', 'Referral & Follow-up', 3) ON CONFLICT (event_id) DO NOTHING;
INSERT INTO dinc_metadata.event (event_id, event_code, programme_id, event_name, display_order) VALUES ('4a97b1c8-3d22-52f7-8b37-da56a33b79c4', 'EVT-049', '708a53bd-db8c-56f2-9156-1573594c713a', 'Population-Based Screening (CBAC) - 30+ years', 1) ON CONFLICT (event_id) DO NOTHING;
INSERT INTO dinc_metadata.event (event_id, event_code, programme_id, event_name, display_order) VALUES ('a9a4973f-9465-5c86-96a1-0b03e83863a7', 'EVT-050', '708a53bd-db8c-56f2-9156-1573594c713a', 'NCD Diagnosis Confirmation & Treatment Initiation', 2) ON CONFLICT (event_id) DO NOTHING;
INSERT INTO dinc_metadata.event (event_id, event_code, programme_id, event_name, display_order) VALUES ('cc46ea7b-eff8-5c9e-8150-2794dcb45c9c', 'EVT-051', '708a53bd-db8c-56f2-9156-1573594c713a', 'NCD Follow-up, Drug Refill & Control Monitoring', 3) ON CONFLICT (event_id) DO NOTHING;
INSERT INTO dinc_metadata.event (event_id, event_code, programme_id, event_name, display_order) VALUES ('8c8de036-1ada-5c15-8204-e0687634ef7c', 'EVT-052', '708a53bd-db8c-56f2-9156-1573594c713a', 'Other NCD Screening (COPD, CKD, etc. as per state)', 4) ON CONFLICT (event_id) DO NOTHING;
INSERT INTO dinc_metadata.event (event_id, event_code, programme_id, event_name, display_order) VALUES ('4d45fbea-101c-530f-911a-5e15fe10025c', 'EVT-053', 'd4d3a812-ac4e-5c8d-abb2-ff0e9cb40bae', 'Community Mental Health Screening', 1) ON CONFLICT (event_id) DO NOTHING;
INSERT INTO dinc_metadata.event (event_id, event_code, programme_id, event_name, display_order) VALUES ('d6393215-432e-51e3-b63c-8a025b717a0d', 'EVT-054', 'd4d3a812-ac4e-5c8d-abb2-ff0e9cb40bae', 'Diagnosis, Treatment & Referral', 2) ON CONFLICT (event_id) DO NOTHING;
INSERT INTO dinc_metadata.event (event_id, event_code, programme_id, event_name, display_order) VALUES ('2052bfd6-4be7-57e0-a072-dc3031a2eac2', 'EVT-055', 'd4d3a812-ac4e-5c8d-abb2-ff0e9cb40bae', 'Follow-up, Counselling & Psychosocial Support', 3) ON CONFLICT (event_id) DO NOTHING;
INSERT INTO dinc_metadata.event (event_id, event_code, programme_id, event_name, display_order) VALUES ('36972e63-c3eb-5a18-948f-63637347e75f', 'EVT-056', '28ffe526-8ca0-5e89-89bf-05eb30ac2f40', 'Eye (Ophthalmic) Screening', 1) ON CONFLICT (event_id) DO NOTHING;
INSERT INTO dinc_metadata.event (event_id, event_code, programme_id, event_name, display_order) VALUES ('302bb6ca-4987-5f8d-9c27-6cf2f5a1c13e', 'EVT-057', '28ffe526-8ca0-5e89-89bf-05eb30ac2f40', 'ENT Screening', 2) ON CONFLICT (event_id) DO NOTHING;
INSERT INTO dinc_metadata.event (event_id, event_code, programme_id, event_name, display_order) VALUES ('6b20120c-853a-5bc9-88c2-43311a7b1d1b', 'EVT-058', '4d4debb1-8593-5ebc-91e3-91b351eba02e', 'Oral Health Screening & Awareness', 1) ON CONFLICT (event_id) DO NOTHING;
INSERT INTO dinc_metadata.event (event_id, event_code, programme_id, event_name, display_order) VALUES ('1fb2a202-b87d-5f27-948e-751318033b4d', 'EVT-059', '4d4debb1-8593-5ebc-91e3-91b351eba02e', 'Basic Dental Care & Referral', 2) ON CONFLICT (event_id) DO NOTHING;
INSERT INTO dinc_metadata.event (event_id, event_code, programme_id, event_name, display_order) VALUES ('5d2705ea-cc74-567e-aa8a-0282c98237f9', 'EVT-060', '0a5fe280-d113-5be7-838b-3828347171e2', 'Elderly (Geriatric) Screening & Assessment', 1) ON CONFLICT (event_id) DO NOTHING;
INSERT INTO dinc_metadata.event (event_id, event_code, programme_id, event_name, display_order) VALUES ('5254d31c-7c80-5383-a7fc-9aea0decad01', 'EVT-061', '0a5fe280-d113-5be7-838b-3828347171e2', 'Elderly Care, Follow-up & Home-Based Support', 2) ON CONFLICT (event_id) DO NOTHING;
INSERT INTO dinc_metadata.event (event_id, event_code, programme_id, event_name, display_order) VALUES ('756a7039-2c74-5a9d-a3b7-c20b83df0afd', 'EVT-062', '0a5fe280-d113-5be7-838b-3828347171e2', 'Palliative Care', 3) ON CONFLICT (event_id) DO NOTHING;
INSERT INTO dinc_metadata.event (event_id, event_code, programme_id, event_name, display_order) VALUES ('aa0cd682-a120-532b-8169-9fcaa5767a70', 'EVT-063', '710e1c30-a80f-51b4-9fc9-9e6faa698ffb', 'Emergency & Trauma First Response', 1) ON CONFLICT (event_id) DO NOTHING;
INSERT INTO dinc_metadata.event (event_id, event_code, programme_id, event_name, display_order) VALUES ('bf901548-0864-578e-897a-e372d698165d', 'EVT-064', '710e1c30-a80f-51b4-9fc9-9e6faa698ffb', 'Health Promotion & Wellness Activities', 2) ON CONFLICT (event_id) DO NOTHING;
INSERT INTO dinc_metadata.event (event_id, event_code, programme_id, event_name, display_order) VALUES ('67bdc5c8-2ef1-52de-906b-2ae64d8a7c19', 'EVT-065', '710e1c30-a80f-51b4-9fc9-9e6faa698ffb', 'VHSND & Sanitation Promotion', 3) ON CONFLICT (event_id) DO NOTHING;

-- ---- activity (193 rows, from worksheet 'Activity') ----
INSERT INTO dinc_metadata.activity (activity_id, activity_code, event_id, activity_name, display_order) VALUES ('64ac8e8f-53d9-53a6-a364-40c7343c765e', 'ACT-001', '0b2b5c1d-6419-5522-bed0-2b9b39cfd0d7', 'Pregnancy registration, RCH ID generation & MCP card issuance', 1) ON CONFLICT (activity_id) DO NOTHING;
INSERT INTO dinc_metadata.activity (activity_id, activity_code, event_id, activity_name, display_order) VALUES ('1522b81c-1870-5bc0-85e2-889a417dbb50', 'ACT-002', '0b2b5c1d-6419-5522-bed0-2b9b39cfd0d7', 'History taking, LMP confirmation & EDD calculation', 2) ON CONFLICT (activity_id) DO NOTHING;
INSERT INTO dinc_metadata.activity (activity_id, activity_code, event_id, activity_name, display_order) VALUES ('26206a6e-6ef5-5177-96a9-2d8f100e16a8', 'ACT-003', '0b2b5c1d-6419-5522-bed0-2b9b39cfd0d7', 'Weight, height & BMI measurement', 3) ON CONFLICT (activity_id) DO NOTHING;
INSERT INTO dinc_metadata.activity (activity_id, activity_code, event_id, activity_name, display_order) VALUES ('dc010337-271a-5633-8a62-7f6c4f69c245', 'ACT-004', '0b2b5c1d-6419-5522-bed0-2b9b39cfd0d7', 'Blood pressure measurement', 4) ON CONFLICT (activity_id) DO NOTHING;
INSERT INTO dinc_metadata.activity (activity_id, activity_code, event_id, activity_name, display_order) VALUES ('4df325bc-6fc4-5084-b74c-fbd001cd0312', 'ACT-005', '0b2b5c1d-6419-5522-bed0-2b9b39cfd0d7', 'Haemoglobin estimation', 5) ON CONFLICT (activity_id) DO NOTHING;
INSERT INTO dinc_metadata.activity (activity_id, activity_code, event_id, activity_name, display_order) VALUES ('1f034bed-5f9d-59ef-9d44-151e21929d12', 'ACT-006', '0b2b5c1d-6419-5522-bed0-2b9b39cfd0d7', 'Urine test for albumin & sugar', 6) ON CONFLICT (activity_id) DO NOTHING;
INSERT INTO dinc_metadata.activity (activity_id, activity_code, event_id, activity_name, display_order) VALUES ('c0ca69b1-e262-57eb-8d79-61dd1bd1de4a', 'ACT-007', '0b2b5c1d-6419-5522-bed0-2b9b39cfd0d7', 'Blood grouping & Rh typing', 7) ON CONFLICT (activity_id) DO NOTHING;
INSERT INTO dinc_metadata.activity (activity_id, activity_code, event_id, activity_name, display_order) VALUES ('38756876-64fd-5883-a599-d8f5d312127f', 'ACT-008', '0b2b5c1d-6419-5522-bed0-2b9b39cfd0d7', 'Screening for HIV, Syphilis & Hepatitis B', 8) ON CONFLICT (activity_id) DO NOTHING;
INSERT INTO dinc_metadata.activity (activity_id, activity_code, event_id, activity_name, display_order) VALUES ('42436434-a20d-5427-beb7-fac2399198aa', 'ACT-009', '0b2b5c1d-6419-5522-bed0-2b9b39cfd0d7', 'Blood sugar test (GDM screening - OGTT)', 9) ON CONFLICT (activity_id) DO NOTHING;
INSERT INTO dinc_metadata.activity (activity_id, activity_code, event_id, activity_name, display_order) VALUES ('59317095-aaea-5dc2-8f7a-2b68b6ce3fa3', 'ACT-010', '0b2b5c1d-6419-5522-bed0-2b9b39cfd0d7', 'Td-1 immunization', 10) ON CONFLICT (activity_id) DO NOTHING;
INSERT INTO dinc_metadata.activity (activity_id, activity_code, event_id, activity_name, display_order) VALUES ('0b13d8ff-d278-5f0d-8304-9c6e0e04bde3', 'ACT-011', '0b2b5c1d-6419-5522-bed0-2b9b39cfd0d7', 'Folic acid supplementation (1st trimester)', 11) ON CONFLICT (activity_id) DO NOTHING;
INSERT INTO dinc_metadata.activity (activity_id, activity_code, event_id, activity_name, display_order) VALUES ('bffc198f-4c7c-516d-b3bb-248964f528ef', 'ACT-012', '0b2b5c1d-6419-5522-bed0-2b9b39cfd0d7', 'Counselling on nutrition, rest & danger signs', 12) ON CONFLICT (activity_id) DO NOTHING;
INSERT INTO dinc_metadata.activity (activity_id, activity_code, event_id, activity_name, display_order) VALUES ('06f3b300-3ab4-5894-b988-2a07bd162c68', 'ACT-013', 'd34c1ddb-1e4f-5a8a-ae4b-2b3e1af88e45', 'Weight & BP measurement', 1) ON CONFLICT (activity_id) DO NOTHING;
INSERT INTO dinc_metadata.activity (activity_id, activity_code, event_id, activity_name, display_order) VALUES ('1a477dea-fcd9-5ac9-8b2e-063e39076af5', 'ACT-014', 'd34c1ddb-1e4f-5a8a-ae4b-2b3e1af88e45', 'Abdominal examination & fundal height assessment', 2) ON CONFLICT (activity_id) DO NOTHING;
INSERT INTO dinc_metadata.activity (activity_id, activity_code, event_id, activity_name, display_order) VALUES ('6ed3a18d-fead-5296-8066-93961e6dfa77', 'ACT-015', 'd34c1ddb-1e4f-5a8a-ae4b-2b3e1af88e45', 'Haemoglobin re-estimation & anaemia management (IFA/IV iron)', 3) ON CONFLICT (activity_id) DO NOTHING;
INSERT INTO dinc_metadata.activity (activity_id, activity_code, event_id, activity_name, display_order) VALUES ('9d8c1c35-228d-50d0-939e-20d696634ba7', 'ACT-016', 'd34c1ddb-1e4f-5a8a-ae4b-2b3e1af88e45', 'Td-2 / Td-Booster immunization', 4) ON CONFLICT (activity_id) DO NOTHING;
INSERT INTO dinc_metadata.activity (activity_id, activity_code, event_id, activity_name, display_order) VALUES ('f7d7b4e7-41cc-59fa-acb6-62e53fc9470e', 'ACT-017', 'd34c1ddb-1e4f-5a8a-ae4b-2b3e1af88e45', 'IFA supplementation (180 tablets regimen)', 5) ON CONFLICT (activity_id) DO NOTHING;
INSERT INTO dinc_metadata.activity (activity_id, activity_code, event_id, activity_name, display_order) VALUES ('2d230844-c505-5a2b-aa21-c36711438b59', 'ACT-018', 'd34c1ddb-1e4f-5a8a-ae4b-2b3e1af88e45', 'Calcium supplementation (360 tablets regimen)', 6) ON CONFLICT (activity_id) DO NOTHING;
INSERT INTO dinc_metadata.activity (activity_id, activity_code, event_id, activity_name, display_order) VALUES ('36daa39f-8069-513d-a1e1-1889fd24e720', 'ACT-019', 'd34c1ddb-1e4f-5a8a-ae4b-2b3e1af88e45', 'Deworming - single dose Albendazole (2nd trimester)', 7) ON CONFLICT (activity_id) DO NOTHING;
INSERT INTO dinc_metadata.activity (activity_id, activity_code, event_id, activity_name, display_order) VALUES ('e4159c5b-c82f-5a52-abb4-27401329ef12', 'ACT-020', 'd34c1ddb-1e4f-5a8a-ae4b-2b3e1af88e45', 'High Risk Pregnancy (HRP) screening', 8) ON CONFLICT (activity_id) DO NOTHING;
INSERT INTO dinc_metadata.activity (activity_id, activity_code, event_id, activity_name, display_order) VALUES ('dd705741-d435-510b-b431-ae3babd0f68d', 'ACT-021', 'c2bf1027-2ec5-5a41-9797-1e80b8b23b60', 'Weight, BP & Hb monitoring', 1) ON CONFLICT (activity_id) DO NOTHING;
INSERT INTO dinc_metadata.activity (activity_id, activity_code, event_id, activity_name, display_order) VALUES ('c0480c62-fe28-5f7d-be48-f986762e8f3d', 'ACT-022', 'c2bf1027-2ec5-5a41-9797-1e80b8b23b60', 'Foetal heart sound & foetal movement assessment', 2) ON CONFLICT (activity_id) DO NOTHING;
INSERT INTO dinc_metadata.activity (activity_id, activity_code, event_id, activity_name, display_order) VALUES ('d941dfdc-bf22-5a98-ae17-2a3fb1c53d0a', 'ACT-023', 'c2bf1027-2ec5-5a41-9797-1e80b8b23b60', 'IFA & calcium compliance check', 3) ON CONFLICT (activity_id) DO NOTHING;
INSERT INTO dinc_metadata.activity (activity_id, activity_code, event_id, activity_name, display_order) VALUES ('e996a5b0-1ed5-5f93-bee2-704d229d42d9', 'ACT-024', 'c2bf1027-2ec5-5a41-9797-1e80b8b23b60', 'Birth preparedness & complication readiness counselling', 4) ON CONFLICT (activity_id) DO NOTHING;
INSERT INTO dinc_metadata.activity (activity_id, activity_code, event_id, activity_name, display_order) VALUES ('e3213f63-a6c3-5797-8b05-c64b45005ab9', 'ACT-025', '2a447da1-8888-51e9-bd2a-c8c763066a74', 'Weight, BP, Hb & urine re-check', 1) ON CONFLICT (activity_id) DO NOTHING;
INSERT INTO dinc_metadata.activity (activity_id, activity_code, event_id, activity_name, display_order) VALUES ('e1d65106-7389-5f13-9f5d-227e140a14b2', 'ACT-026', '2a447da1-8888-51e9-bd2a-c8c763066a74', 'Foetal presentation & lie assessment', 2) ON CONFLICT (activity_id) DO NOTHING;
INSERT INTO dinc_metadata.activity (activity_id, activity_code, event_id, activity_name, display_order) VALUES ('12da2bd3-ffa6-5ca4-961b-498fa9f7c2fd', 'ACT-027', '2a447da1-8888-51e9-bd2a-c8c763066a74', 'Counselling on institutional delivery, JSY/JSSK entitlements', 3) ON CONFLICT (activity_id) DO NOTHING;
INSERT INTO dinc_metadata.activity (activity_id, activity_code, event_id, activity_name, display_order) VALUES ('805ab486-8bf6-5a1f-a5a4-1400767ebdb9', 'ACT-028', '2a447da1-8888-51e9-bd2a-c8c763066a74', 'Identification of danger signs & referral planning', 4) ON CONFLICT (activity_id) DO NOTHING;
INSERT INTO dinc_metadata.activity (activity_id, activity_code, event_id, activity_name, display_order) VALUES ('8bd24ca3-11f3-5171-aa8a-dfd84825a757', 'ACT-029', '12db76ce-a310-5d03-9a75-c8d50d9a7872', 'Assured ANC check-up by MO/Specialist', 1) ON CONFLICT (activity_id) DO NOTHING;
INSERT INTO dinc_metadata.activity (activity_id, activity_code, event_id, activity_name, display_order) VALUES ('7c888cb2-30bd-563d-a5a0-5425ef102d3a', 'ACT-030', '12db76ce-a310-5d03-9a75-c8d50d9a7872', 'Ultrasonography (where available) / referral for USG', 2) ON CONFLICT (activity_id) DO NOTHING;
INSERT INTO dinc_metadata.activity (activity_id, activity_code, event_id, activity_name, display_order) VALUES ('280f00cc-6f8a-50c6-9de2-13b7807bdc79', 'ACT-031', '12db76ce-a310-5d03-9a75-c8d50d9a7872', 'HRP identification & red-sticker tagging on MCP card', 3) ON CONFLICT (activity_id) DO NOTHING;
INSERT INTO dinc_metadata.activity (activity_id, activity_code, event_id, activity_name, display_order) VALUES ('b0232d9a-8ca3-53e3-8d0f-e102cb53cba9', 'ACT-032', 'eafd5f2b-5b4d-5702-951f-d025759b6d99', 'Additional ANC visits & specialist follow-up for HRP', 1) ON CONFLICT (activity_id) DO NOTHING;
INSERT INTO dinc_metadata.activity (activity_id, activity_code, event_id, activity_name, display_order) VALUES ('53ef30b1-0337-508a-a5e1-f6b98c33bebc', 'ACT-033', 'eafd5f2b-5b4d-5702-951f-d025759b6d99', 'Birth planning at FRU/CEmONC facility for HRP', 2) ON CONFLICT (activity_id) DO NOTHING;
INSERT INTO dinc_metadata.activity (activity_id, activity_code, event_id, activity_name, display_order) VALUES ('0b2fa0ff-9432-55d5-9970-499970218acd', 'ACT-034', 'eafd5f2b-5b4d-5702-951f-d025759b6d99', 'Tracking of HRP referral compliance', 3) ON CONFLICT (activity_id) DO NOTHING;
INSERT INTO dinc_metadata.activity (activity_id, activity_code, event_id, activity_name, display_order) VALUES ('419e945d-fe69-5e9f-abe7-58157e228243', 'ACT-035', '4e909bb9-efc2-526c-b27e-a3fd6993560a', 'Skilled birth attendance & partograph monitoring', 1) ON CONFLICT (activity_id) DO NOTHING;
INSERT INTO dinc_metadata.activity (activity_id, activity_code, event_id, activity_name, display_order) VALUES ('f0f17bc4-a8ea-54fd-8927-16fffac5ebf4', 'ACT-036', '4e909bb9-efc2-526c-b27e-a3fd6993560a', 'Active Management of Third Stage of Labour (AMTSL)', 2) ON CONFLICT (activity_id) DO NOTHING;
INSERT INTO dinc_metadata.activity (activity_id, activity_code, event_id, activity_name, display_order) VALUES ('9c071fdd-d484-5387-a1a5-f33e855c74ac', 'ACT-037', '4e909bb9-efc2-526c-b27e-a3fd6993560a', 'Identification & referral of intrapartum complications (PPH, obstructed labour, eclampsia)', 3) ON CONFLICT (activity_id) DO NOTHING;
INSERT INTO dinc_metadata.activity (activity_id, activity_code, event_id, activity_name, display_order) VALUES ('b4fe5b06-6ef5-5a90-8a46-ed99c4be26d1', 'ACT-038', '827bc9d7-1488-59d2-961f-b4054f5b2456', 'Postnatal examination of mother (bleeding, temperature, BP)', 1) ON CONFLICT (activity_id) DO NOTHING;
INSERT INTO dinc_metadata.activity (activity_id, activity_code, event_id, activity_name, display_order) VALUES ('dd02636a-13cf-5431-8f1d-3c3a615123e4', 'ACT-039', '827bc9d7-1488-59d2-961f-b4054f5b2456', 'Breastfeeding support & positioning check', 2) ON CONFLICT (activity_id) DO NOTHING;
INSERT INTO dinc_metadata.activity (activity_id, activity_code, event_id, activity_name, display_order) VALUES ('b01430d6-e363-59cc-ba35-684c74d7469e', 'ACT-040', '827bc9d7-1488-59d2-961f-b4054f5b2456', 'Post-partum family planning (PPIUCD/PPFP) counselling', 3) ON CONFLICT (activity_id) DO NOTHING;
INSERT INTO dinc_metadata.activity (activity_id, activity_code, event_id, activity_name, display_order) VALUES ('a67fc54e-aec8-58ce-b633-2557312f137e', 'ACT-041', '827bc9d7-1488-59d2-961f-b4054f5b2456', 'Maternal nutrition & IFA continuation (180 tablets post-delivery)', 4) ON CONFLICT (activity_id) DO NOTHING;
INSERT INTO dinc_metadata.activity (activity_id, activity_code, event_id, activity_name, display_order) VALUES ('2706968e-8a00-55e0-a0ec-6a21a54e16a4', 'ACT-042', 'e85d8705-a46f-5ae1-8c63-4a81875bacc6', 'Drying, warmth & delayed cord clamping', 1) ON CONFLICT (activity_id) DO NOTHING;
INSERT INTO dinc_metadata.activity (activity_id, activity_code, event_id, activity_name, display_order) VALUES ('4e255654-65c3-58c1-bfd5-791536b9dcd7', 'ACT-043', 'e85d8705-a46f-5ae1-8c63-4a81875bacc6', 'Initiation of breastfeeding within 1 hour', 2) ON CONFLICT (activity_id) DO NOTHING;
INSERT INTO dinc_metadata.activity (activity_id, activity_code, event_id, activity_name, display_order) VALUES ('3dd6c316-965b-58be-9ca9-62fb6deb1935', 'ACT-044', 'e85d8705-a46f-5ae1-8c63-4a81875bacc6', 'Birth weight recording & LBW identification', 3) ON CONFLICT (activity_id) DO NOTHING;
INSERT INTO dinc_metadata.activity (activity_id, activity_code, event_id, activity_name, display_order) VALUES ('f4c2cdca-4237-542c-a2a9-f60b7442ae89', 'ACT-045', 'e85d8705-a46f-5ae1-8c63-4a81875bacc6', 'Inj. Vitamin K1 administration', 4) ON CONFLICT (activity_id) DO NOTHING;
INSERT INTO dinc_metadata.activity (activity_id, activity_code, event_id, activity_name, display_order) VALUES ('69260977-a022-593e-83bb-5b80c043c389', 'ACT-046', 'e85d8705-a46f-5ae1-8c63-4a81875bacc6', 'Birth dose vaccination (BCG, OPV-0, Hep B-0)', 5) ON CONFLICT (activity_id) DO NOTHING;
INSERT INTO dinc_metadata.activity (activity_id, activity_code, event_id, activity_name, display_order) VALUES ('96342aa5-94fe-5a23-af4c-5f8282469444', 'ACT-047', 'fd6852cd-905f-54ee-92c9-b478421de150', 'Newborn weight & temperature monitoring', 1) ON CONFLICT (activity_id) DO NOTHING;
INSERT INTO dinc_metadata.activity (activity_id, activity_code, event_id, activity_name, display_order) VALUES ('21a07e5a-8340-5759-b29f-0daa38fc3bf4', 'ACT-048', 'fd6852cd-905f-54ee-92c9-b478421de150', 'Screening for danger signs / sepsis (poor feeding, fever, fast breathing)', 2) ON CONFLICT (activity_id) DO NOTHING;
INSERT INTO dinc_metadata.activity (activity_id, activity_code, event_id, activity_name, display_order) VALUES ('d6f58b68-8038-55b4-8b34-27618c697e20', 'ACT-049', 'fd6852cd-905f-54ee-92c9-b478421de150', 'Cord care & hygiene counselling', 3) ON CONFLICT (activity_id) DO NOTHING;
INSERT INTO dinc_metadata.activity (activity_id, activity_code, event_id, activity_name, display_order) VALUES ('f06dc1be-0bfe-5895-913d-ac72d426c558', 'ACT-050', 'fd6852cd-905f-54ee-92c9-b478421de150', 'Exclusive breastfeeding promotion & KMC for LBW', 4) ON CONFLICT (activity_id) DO NOTHING;
INSERT INTO dinc_metadata.activity (activity_id, activity_code, event_id, activity_name, display_order) VALUES ('d86c24f9-c2b7-5797-832d-46d5bade7087', 'ACT-051', '5935e642-b189-5159-94d6-910b077ea349', 'Growth monitoring & weight plotting', 1) ON CONFLICT (activity_id) DO NOTHING;
INSERT INTO dinc_metadata.activity (activity_id, activity_code, event_id, activity_name, display_order) VALUES ('1c1f3fea-9b76-5e09-a55a-0ed6a023457a', 'ACT-052', '5935e642-b189-5159-94d6-910b077ea349', 'ORS-Zinc provision & diarrhoea management counselling', 2) ON CONFLICT (activity_id) DO NOTHING;
INSERT INTO dinc_metadata.activity (activity_id, activity_code, event_id, activity_name, display_order) VALUES ('5010a201-baf7-5561-b9cc-0ad5f79df4f1', 'ACT-053', '5935e642-b189-5159-94d6-910b077ea349', 'Complementary feeding & ECD (early childhood development) counselling', 3) ON CONFLICT (activity_id) DO NOTHING;
INSERT INTO dinc_metadata.activity (activity_id, activity_code, event_id, activity_name, display_order) VALUES ('be61fd79-ee6e-5af0-9b1b-3821fdc2b00b', 'ACT-054', '5935e642-b189-5159-94d6-910b077ea349', 'Immunization status verification & mobilization', 4) ON CONFLICT (activity_id) DO NOTHING;
INSERT INTO dinc_metadata.activity (activity_id, activity_code, event_id, activity_name, display_order) VALUES ('53983716-a007-5f94-9f65-2aa38840be43', 'ACT-055', '5d896a21-4784-561c-b199-f720933b1659', 'BCG', 1) ON CONFLICT (activity_id) DO NOTHING;
INSERT INTO dinc_metadata.activity (activity_id, activity_code, event_id, activity_name, display_order) VALUES ('089ec9f5-2da5-51aa-9781-11139c89da14', 'ACT-056', '5d896a21-4784-561c-b199-f720933b1659', 'OPV-0', 2) ON CONFLICT (activity_id) DO NOTHING;
INSERT INTO dinc_metadata.activity (activity_id, activity_code, event_id, activity_name, display_order) VALUES ('64063bc7-f1e5-5106-b038-ef44d30548f4', 'ACT-057', '5d896a21-4784-561c-b199-f720933b1659', 'Hep B-0', 3) ON CONFLICT (activity_id) DO NOTHING;
INSERT INTO dinc_metadata.activity (activity_id, activity_code, event_id, activity_name, display_order) VALUES ('896e1107-b4e5-57cb-b5b9-1394bad2b36a', 'ACT-058', '8adea31b-41d1-53ec-afa0-bbe9c332ca3c', 'DTwP/DTaP-1', 1) ON CONFLICT (activity_id) DO NOTHING;
INSERT INTO dinc_metadata.activity (activity_id, activity_code, event_id, activity_name, display_order) VALUES ('1ea19880-2d86-54a3-bd1f-e46e580cc12d', 'ACT-059', '8adea31b-41d1-53ec-afa0-bbe9c332ca3c', 'Hib-1', 2) ON CONFLICT (activity_id) DO NOTHING;
INSERT INTO dinc_metadata.activity (activity_id, activity_code, event_id, activity_name, display_order) VALUES ('264e1485-d0cf-5def-9685-550f8fd2480b', 'ACT-060', '8adea31b-41d1-53ec-afa0-bbe9c332ca3c', 'IPV-1', 3) ON CONFLICT (activity_id) DO NOTHING;
INSERT INTO dinc_metadata.activity (activity_id, activity_code, event_id, activity_name, display_order) VALUES ('c05bf6b7-3eec-548f-9606-32cb5226305c', 'ACT-061', '8adea31b-41d1-53ec-afa0-bbe9c332ca3c', 'Hep B', 4) ON CONFLICT (activity_id) DO NOTHING;
INSERT INTO dinc_metadata.activity (activity_id, activity_code, event_id, activity_name, display_order) VALUES ('5beaa825-5e5b-5f6e-8987-a6c4fef60141', 'ACT-062', '8adea31b-41d1-53ec-afa0-bbe9c332ca3c', 'PCV10/13-1', 5) ON CONFLICT (activity_id) DO NOTHING;
INSERT INTO dinc_metadata.activity (activity_id, activity_code, event_id, activity_name, display_order) VALUES ('a13940fe-226e-5928-b640-05a942b259a3', 'ACT-063', '8adea31b-41d1-53ec-afa0-bbe9c332ca3c', 'Rota-1', 6) ON CONFLICT (activity_id) DO NOTHING;
INSERT INTO dinc_metadata.activity (activity_id, activity_code, event_id, activity_name, display_order) VALUES ('a70734aa-4e6b-50e9-a5ab-20eac8c5b038', 'ACT-064', 'd16a8c9a-3374-5bee-a523-2e26834a0a17', 'DTwP/DTaP-2', 1) ON CONFLICT (activity_id) DO NOTHING;
INSERT INTO dinc_metadata.activity (activity_id, activity_code, event_id, activity_name, display_order) VALUES ('deec7c64-1754-5666-8126-bc1b72b3da1d', 'ACT-065', 'd16a8c9a-3374-5bee-a523-2e26834a0a17', 'Hib-2', 2) ON CONFLICT (activity_id) DO NOTHING;
INSERT INTO dinc_metadata.activity (activity_id, activity_code, event_id, activity_name, display_order) VALUES ('af52d9ef-09ab-5e0a-be21-e755df9488bc', 'ACT-066', 'd16a8c9a-3374-5bee-a523-2e26834a0a17', 'IPV-2', 3) ON CONFLICT (activity_id) DO NOTHING;
INSERT INTO dinc_metadata.activity (activity_id, activity_code, event_id, activity_name, display_order) VALUES ('f3f406a3-b0a3-5de1-b4c9-d2347086c799', 'ACT-067', 'd16a8c9a-3374-5bee-a523-2e26834a0a17', 'Hep B', 4) ON CONFLICT (activity_id) DO NOTHING;
INSERT INTO dinc_metadata.activity (activity_id, activity_code, event_id, activity_name, display_order) VALUES ('d3e384d0-27e5-579d-9f67-f755ba12d55c', 'ACT-068', 'd16a8c9a-3374-5bee-a523-2e26834a0a17', 'PCV10/13-2', 5) ON CONFLICT (activity_id) DO NOTHING;
INSERT INTO dinc_metadata.activity (activity_id, activity_code, event_id, activity_name, display_order) VALUES ('9877adf4-5c5a-50f6-80bc-512e8976ee69', 'ACT-069', 'd16a8c9a-3374-5bee-a523-2e26834a0a17', 'Rota-2', 6) ON CONFLICT (activity_id) DO NOTHING;
INSERT INTO dinc_metadata.activity (activity_id, activity_code, event_id, activity_name, display_order) VALUES ('78174f29-a6e7-5047-a3d7-a91cc9c91ed4', 'ACT-070', 'c1d9e33d-d06e-5654-94f3-d9fa3fbc1dfb', 'DTwP/DTaP-3', 1) ON CONFLICT (activity_id) DO NOTHING;
INSERT INTO dinc_metadata.activity (activity_id, activity_code, event_id, activity_name, display_order) VALUES ('ce565087-92a3-5c3d-895b-e0c451cbe868', 'ACT-071', 'c1d9e33d-d06e-5654-94f3-d9fa3fbc1dfb', 'Hib-3', 2) ON CONFLICT (activity_id) DO NOTHING;
INSERT INTO dinc_metadata.activity (activity_id, activity_code, event_id, activity_name, display_order) VALUES ('9a669713-8d09-5790-94e3-a599bfdf2600', 'ACT-072', 'c1d9e33d-d06e-5654-94f3-d9fa3fbc1dfb', 'IPV-3', 3) ON CONFLICT (activity_id) DO NOTHING;
INSERT INTO dinc_metadata.activity (activity_id, activity_code, event_id, activity_name, display_order) VALUES ('74e78e83-8f3f-5ba9-88e9-f8394b31cf81', 'ACT-073', 'c1d9e33d-d06e-5654-94f3-d9fa3fbc1dfb', 'Hep B', 4) ON CONFLICT (activity_id) DO NOTHING;
INSERT INTO dinc_metadata.activity (activity_id, activity_code, event_id, activity_name, display_order) VALUES ('ff6ec30e-b8f2-5dab-a28a-d30836733815', 'ACT-074', 'c1d9e33d-d06e-5654-94f3-d9fa3fbc1dfb', 'PCV10/13-3', 5) ON CONFLICT (activity_id) DO NOTHING;
INSERT INTO dinc_metadata.activity (activity_id, activity_code, event_id, activity_name, display_order) VALUES ('a1c1b619-1f9a-5cc4-81ee-56e7c255db36', 'ACT-075', 'c1d9e33d-d06e-5654-94f3-d9fa3fbc1dfb', 'Rota-3', 6) ON CONFLICT (activity_id) DO NOTHING;
INSERT INTO dinc_metadata.activity (activity_id, activity_code, event_id, activity_name, display_order) VALUES ('d3ebc010-4b64-5688-bb58-fa6395ff1e4e', 'ACT-076', '86c2f5fb-83b8-5ef3-bfb1-c1b733bbba38', 'Hep B', 1) ON CONFLICT (activity_id) DO NOTHING;
INSERT INTO dinc_metadata.activity (activity_id, activity_code, event_id, activity_name, display_order) VALUES ('5c39d397-b5f7-508c-9830-4af74c623605', 'ACT-077', '86c2f5fb-83b8-5ef3-bfb1-c1b733bbba38', 'OPV-1', 2) ON CONFLICT (activity_id) DO NOTHING;
INSERT INTO dinc_metadata.activity (activity_id, activity_code, event_id, activity_name, display_order) VALUES ('d00ced79-2ce6-588b-a6ed-8395b58931d2', 'ACT-078', '86c2f5fb-83b8-5ef3-bfb1-c1b733bbba38', 'IIV-1', 3) ON CONFLICT (activity_id) DO NOTHING;
INSERT INTO dinc_metadata.activity (activity_id, activity_code, event_id, activity_name, display_order) VALUES ('a6d760e5-b9ff-53ee-8076-f40127971432', 'ACT-079', 'd29eb8dd-e540-55f6-92a5-200048bf8c85', 'IIV-2', 1) ON CONFLICT (activity_id) DO NOTHING;
INSERT INTO dinc_metadata.activity (activity_id, activity_code, event_id, activity_name, display_order) VALUES ('300dbce0-9a17-517d-b20a-b538d5faf35c', 'ACT-080', 'a8c0fdc9-a22e-5f01-a70b-cf01adb376fc', 'OPV-2', 1) ON CONFLICT (activity_id) DO NOTHING;
INSERT INTO dinc_metadata.activity (activity_id, activity_code, event_id, activity_name, display_order) VALUES ('8cfebdb7-a11a-5775-a4f7-d1f0ad1ce49e', 'ACT-081', 'a8c0fdc9-a22e-5f01-a70b-cf01adb376fc', 'MMR-1/MR', 2) ON CONFLICT (activity_id) DO NOTHING;
INSERT INTO dinc_metadata.activity (activity_id, activity_code, event_id, activity_name, display_order) VALUES ('6d5246bf-eb05-539f-95e7-6b9533f2e5bd', 'ACT-082', 'a8c0fdc9-a22e-5f01-a70b-cf01adb376fc', 'Meningococcal conjugate vaccine-1', 3) ON CONFLICT (activity_id) DO NOTHING;
INSERT INTO dinc_metadata.activity (activity_id, activity_code, event_id, activity_name, display_order) VALUES ('172883d3-7ce2-5408-88c4-a1cd26a7a962', 'ACT-083', 'cc2a03e4-4cf5-542f-a801-07be96867439', 'Typhoid conjugate vaccine-1', 1) ON CONFLICT (activity_id) DO NOTHING;
INSERT INTO dinc_metadata.activity (activity_id, activity_code, event_id, activity_name, display_order) VALUES ('18901403-e05c-5ae2-9209-008313b81fa6', 'ACT-084', 'eb50afbf-ca96-5045-b026-1eeb70dd8559', 'Hepatitis A (killed or live)', 1) ON CONFLICT (activity_id) DO NOTHING;
INSERT INTO dinc_metadata.activity (activity_id, activity_code, event_id, activity_name, display_order) VALUES ('e93618e0-a650-509b-a88b-8fc64dbe59e5', 'ACT-085', 'eb50afbf-ca96-5045-b026-1eeb70dd8559', 'JE-1', 2) ON CONFLICT (activity_id) DO NOTHING;
INSERT INTO dinc_metadata.activity (activity_id, activity_code, event_id, activity_name, display_order) VALUES ('42f566ad-2600-5f6c-a70e-7fe0d9bdff17', 'ACT-086', 'eb50afbf-ca96-5045-b026-1eeb70dd8559', 'Cholera vaccine', 3) ON CONFLICT (activity_id) DO NOTHING;
INSERT INTO dinc_metadata.activity (activity_id, activity_code, event_id, activity_name, display_order) VALUES ('069c1089-9acf-52f3-aec3-fcef0d5c65bb', 'ACT-087', '2b3bbb90-0ea0-5834-9a9d-19afb0483ce6', 'JE-2', 1) ON CONFLICT (activity_id) DO NOTHING;
INSERT INTO dinc_metadata.activity (activity_id, activity_code, event_id, activity_name, display_order) VALUES ('229d1e1d-2ea5-5f79-a24c-078010b9960a', 'ACT-088', '175f834c-6633-5cf7-b8f3-1e38fdac68b1', 'MMR-2', 1) ON CONFLICT (activity_id) DO NOTHING;
INSERT INTO dinc_metadata.activity (activity_id, activity_code, event_id, activity_name, display_order) VALUES ('6031645e-23e4-5fe6-91f8-999fe6098a06', 'ACT-089', '175f834c-6633-5cf7-b8f3-1e38fdac68b1', 'Varicella-1', 2) ON CONFLICT (activity_id) DO NOTHING;
INSERT INTO dinc_metadata.activity (activity_id, activity_code, event_id, activity_name, display_order) VALUES ('dfb43c49-a9d2-57c0-bd1a-80ea3ef1cef2', 'ACT-090', '1770cb93-51ad-568c-9f6d-a355419e9469', 'PCV-booster', 1) ON CONFLICT (activity_id) DO NOTHING;
INSERT INTO dinc_metadata.activity (activity_id, activity_code, event_id, activity_name, display_order) VALUES ('3686c70f-02e9-5455-b72d-5e54976e577b', 'ACT-091', 'ab2131b1-89ce-5cd3-9a88-3bda3000f078', 'DTwP/DTaP (Booster 1)', 1) ON CONFLICT (activity_id) DO NOTHING;
INSERT INTO dinc_metadata.activity (activity_id, activity_code, event_id, activity_name, display_order) VALUES ('e360e8c1-48cd-5d9d-8061-1a3c6662f651', 'ACT-092', 'ab2131b1-89ce-5cd3-9a88-3bda3000f078', 'IPV-Booster', 2) ON CONFLICT (activity_id) DO NOTHING;
INSERT INTO dinc_metadata.activity (activity_id, activity_code, event_id, activity_name, display_order) VALUES ('50ce3f35-d7f9-5d9b-a833-d79ec76de162', 'ACT-093', 'ab2131b1-89ce-5cd3-9a88-3bda3000f078', 'Hib-Booster', 3) ON CONFLICT (activity_id) DO NOTHING;
INSERT INTO dinc_metadata.activity (activity_id, activity_code, event_id, activity_name, display_order) VALUES ('facb0f6a-98ce-5c92-8755-61cc290b09a3', 'ACT-094', 'db4ab7f3-20c8-59e5-b4e2-baf5b3f1526c', 'Hepatitis A (killed)-2', 1) ON CONFLICT (activity_id) DO NOTHING;
INSERT INTO dinc_metadata.activity (activity_id, activity_code, event_id, activity_name, display_order) VALUES ('5d464f2b-f520-5090-8bec-11e790383f4b', 'ACT-095', '979b4a4a-5b11-5aa2-aed5-f904032bdfc0', 'Typhoid conjugate-2 or Typhoid polysaccharide', 1) ON CONFLICT (activity_id) DO NOTHING;
INSERT INTO dinc_metadata.activity (activity_id, activity_code, event_id, activity_name, display_order) VALUES ('7f4182ab-bc2b-54c3-ab96-b6e1eedca6fc', 'ACT-096', '979b4a4a-5b11-5aa2-aed5-f904032bdfc0', 'Meningococcal-2', 2) ON CONFLICT (activity_id) DO NOTHING;
INSERT INTO dinc_metadata.activity (activity_id, activity_code, event_id, activity_name, display_order) VALUES ('24910a4e-6220-5b48-8b85-dcfe9ac1b013', 'ACT-097', '9817234a-feaf-55f2-9d52-28b5c75c5c7b', 'DTwP/DTaP/Tdap (Booster 2)', 1) ON CONFLICT (activity_id) DO NOTHING;
INSERT INTO dinc_metadata.activity (activity_id, activity_code, event_id, activity_name, display_order) VALUES ('c3333661-5909-5c61-b5b9-798ff580bc89', 'ACT-098', '9817234a-feaf-55f2-9d52-28b5c75c5c7b', 'MMR-3', 2) ON CONFLICT (activity_id) DO NOTHING;
INSERT INTO dinc_metadata.activity (activity_id, activity_code, event_id, activity_name, display_order) VALUES ('54daae49-159d-5394-b6c6-60ee57f4c775', 'ACT-099', '9817234a-feaf-55f2-9d52-28b5c75c5c7b', 'Varicella-2', 3) ON CONFLICT (activity_id) DO NOTHING;
INSERT INTO dinc_metadata.activity (activity_id, activity_code, event_id, activity_name, display_order) VALUES ('137d0f52-29c5-59ab-9ccd-d4c37f757ce2', 'ACT-100', '9817234a-feaf-55f2-9d52-28b5c75c5c7b', 'OPV-3', 4) ON CONFLICT (activity_id) DO NOTHING;
INSERT INTO dinc_metadata.activity (activity_id, activity_code, event_id, activity_name, display_order) VALUES ('2d8b9745-f586-56c0-87e4-bc3dc08be7c4', 'ACT-101', '02aeb79a-f482-54cf-9166-3d3f6427252d', 'HPV', 1) ON CONFLICT (activity_id) DO NOTHING;
INSERT INTO dinc_metadata.activity (activity_id, activity_code, event_id, activity_name, display_order) VALUES ('25a44bc7-8290-5a78-8b41-758314256474', 'ACT-102', 'f5bf22f6-9298-5c92-8eeb-e46f1cd2b498', 'Tdap/Td', 1) ON CONFLICT (activity_id) DO NOTHING;
INSERT INTO dinc_metadata.activity (activity_id, activity_code, event_id, activity_name, display_order) VALUES ('8173b07a-14d4-549b-9bd6-82ec62597fbf', 'ACT-103', 'e654bdf2-a339-52dd-ad74-1e2400ce469b', 'Td/TT', 1) ON CONFLICT (activity_id) DO NOTHING;
INSERT INTO dinc_metadata.activity (activity_id, activity_code, event_id, activity_name, display_order) VALUES ('0ada045f-3fae-5e85-8b58-008d62c20223', 'ACT-104', '3d053f54-c38b-5583-b5b6-4d714798c323', 'Weight, height/length & MUAC measurement', 1) ON CONFLICT (activity_id) DO NOTHING;
INSERT INTO dinc_metadata.activity (activity_id, activity_code, event_id, activity_name, display_order) VALUES ('3ce4e1b9-4867-56b7-9d50-ed85d62529a9', 'ACT-105', '3d053f54-c38b-5583-b5b6-4d714798c323', 'Referral of SAM children with complications to NRC', 2) ON CONFLICT (activity_id) DO NOTHING;
INSERT INTO dinc_metadata.activity (activity_id, activity_code, event_id, activity_name, display_order) VALUES ('4ebc9b07-c0fc-5d2c-ad46-d31a95281446', 'ACT-106', '3d053f54-c38b-5583-b5b6-4d714798c323', 'IYCF counselling to caregivers', 3) ON CONFLICT (activity_id) DO NOTHING;
INSERT INTO dinc_metadata.activity (activity_id, activity_code, event_id, activity_name, display_order) VALUES ('f7de236a-6d2e-5041-b663-cde51ced0cde', 'ACT-107', '4b54e60f-12b6-5f73-87d4-ebf1c8589f27', 'Vitamin A supplementation (9 doses, 9 months - 5 years)', 1) ON CONFLICT (activity_id) DO NOTHING;
INSERT INTO dinc_metadata.activity (activity_id, activity_code, event_id, activity_name, display_order) VALUES ('03aa3c76-5d62-5597-a085-911b1ef81dc5', 'ACT-108', '4b54e60f-12b6-5f73-87d4-ebf1c8589f27', 'Deworming (Albendazole) under NDD', 2) ON CONFLICT (activity_id) DO NOTHING;
INSERT INTO dinc_metadata.activity (activity_id, activity_code, event_id, activity_name, display_order) VALUES ('75307527-309d-58bc-a41d-52eba4c07b2c', 'ACT-109', '9b78fac4-3531-508e-9f09-3344caef1f55', 'Screening for 4Ds (Defects, Deficiencies, Diseases, Developmental delays)', 1) ON CONFLICT (activity_id) DO NOTHING;
INSERT INTO dinc_metadata.activity (activity_id, activity_code, event_id, activity_name, display_order) VALUES ('974edf26-a019-5e99-861a-f04028e9df53', 'ACT-110', '9c554dce-6568-59a4-b9fd-fdf52248368d', 'Weekly IFA (blue) tablet supervised administration', 1) ON CONFLICT (activity_id) DO NOTHING;
INSERT INTO dinc_metadata.activity (activity_id, activity_code, event_id, activity_name, display_order) VALUES ('4d218eec-0eb5-5a30-aefc-9c83deafdafb', 'ACT-111', '9c554dce-6568-59a4-b9fd-fdf52248368d', 'Biannual Albendazole for adolescents', 2) ON CONFLICT (activity_id) DO NOTHING;
INSERT INTO dinc_metadata.activity (activity_id, activity_code, event_id, activity_name, display_order) VALUES ('8073163f-8d86-55a6-b4db-02a63ecd2424', 'ACT-112', '427e9871-a0a6-5125-9224-cd4b5a3a7ae3', 'Counselling on nutrition, menstrual hygiene, SRH & life skills', 1) ON CONFLICT (activity_id) DO NOTHING;
INSERT INTO dinc_metadata.activity (activity_id, activity_code, event_id, activity_name, display_order) VALUES ('4f3a17cd-0f7f-566f-9a1b-434fe015c120', 'ACT-113', '427e9871-a0a6-5125-9224-cd4b5a3a7ae3', 'Sanitary napkin distribution under MHS', 2) ON CONFLICT (activity_id) DO NOTHING;
INSERT INTO dinc_metadata.activity (activity_id, activity_code, event_id, activity_name, display_order) VALUES ('ab9d1565-22ce-5480-98ac-8bbe625dfef7', 'ACT-114', '427e9871-a0a6-5125-9224-cd4b5a3a7ae3', 'Anaemia screening (Hb) among adolescents', 3) ON CONFLICT (activity_id) DO NOTHING;
INSERT INTO dinc_metadata.activity (activity_id, activity_code, event_id, activity_name, display_order) VALUES ('62c49662-c136-5f35-92b0-931a3dc20746', 'ACT-115', 'c9ca9720-70a7-5ce9-948f-8e93494bf19a', 'Eligible couple survey & ELA register updation', 1) ON CONFLICT (activity_id) DO NOTHING;
INSERT INTO dinc_metadata.activity (activity_id, activity_code, event_id, activity_name, display_order) VALUES ('33eb01bd-3ae8-53c6-9d0e-8e416bf843df', 'ACT-116', 'd50de101-d354-58d1-b147-85897e921132', 'Counselling on basket of choice (all methods)', 1) ON CONFLICT (activity_id) DO NOTHING;
INSERT INTO dinc_metadata.activity (activity_id, activity_code, event_id, activity_name, display_order) VALUES ('dfdd3562-e9aa-5da3-a18c-f358a43fa3d8', 'ACT-117', 'd50de101-d354-58d1-b147-85897e921132', 'Condom & OCP (Mala-N) / Chhaya distribution', 2) ON CONFLICT (activity_id) DO NOTHING;
INSERT INTO dinc_metadata.activity (activity_id, activity_code, event_id, activity_name, display_order) VALUES ('c0b3a02a-8ba8-5384-a175-23d09da231a7', 'ACT-118', 'd50de101-d354-58d1-b147-85897e921132', 'Injectable contraceptive MPA (Antara) administration', 3) ON CONFLICT (activity_id) DO NOTHING;
INSERT INTO dinc_metadata.activity (activity_id, activity_code, event_id, activity_name, display_order) VALUES ('6bde4312-b0ca-592d-9547-77e2499b84b2', 'ACT-119', 'd50de101-d354-58d1-b147-85897e921132', 'IUCD (Cu-375/380A) insertion', 4) ON CONFLICT (activity_id) DO NOTHING;
INSERT INTO dinc_metadata.activity (activity_id, activity_code, event_id, activity_name, display_order) VALUES ('0507a0cd-2bc9-5686-bd29-e3e0a0462abb', 'ACT-120', 'd50de101-d354-58d1-b147-85897e921132', 'Emergency contraceptive pill (ECP) provision', 5) ON CONFLICT (activity_id) DO NOTHING;
INSERT INTO dinc_metadata.activity (activity_id, activity_code, event_id, activity_name, display_order) VALUES ('9365cacf-abfc-5c35-9bdc-e4efaf6a2feb', 'ACT-121', '0fe353ca-4e7f-52fd-bb2f-4cac7ada139b', 'Counselling & referral for female sterilization (minilap/lap)', 1) ON CONFLICT (activity_id) DO NOTHING;
INSERT INTO dinc_metadata.activity (activity_id, activity_code, event_id, activity_name, display_order) VALUES ('f65223bb-a72f-5538-8bdd-6cdf28f15c43', 'ACT-122', '0fe353ca-4e7f-52fd-bb2f-4cac7ada139b', 'Counselling & referral for NSV (male sterilization)', 2) ON CONFLICT (activity_id) DO NOTHING;
INSERT INTO dinc_metadata.activity (activity_id, activity_code, event_id, activity_name, display_order) VALUES ('d4e577e6-76fd-5054-b1cd-21243685f694', 'ACT-123', 'e981bbdc-e924-520f-8592-a0c2d0f03268', 'PPIUCD insertion / referral', 1) ON CONFLICT (activity_id) DO NOTHING;
INSERT INTO dinc_metadata.activity (activity_id, activity_code, event_id, activity_name, display_order) VALUES ('bacddaff-ee9e-5496-b79e-ea8d3aa44efd', 'ACT-124', 'e981bbdc-e924-520f-8592-a0c2d0f03268', 'PAIUCD & post-abortion contraception counselling', 2) ON CONFLICT (activity_id) DO NOTHING;
INSERT INTO dinc_metadata.activity (activity_id, activity_code, event_id, activity_name, display_order) VALUES ('22008ae4-4935-5d23-8cdf-732cc5d8c524', 'ACT-125', '645a2736-fcdb-585d-a50e-3de2e9208667', 'Syndromic screening & management of RTI/STI', 1) ON CONFLICT (activity_id) DO NOTHING;
INSERT INTO dinc_metadata.activity (activity_id, activity_code, event_id, activity_name, display_order) VALUES ('e6978675-1c6e-51e6-8e09-6bee1f013d72', 'ACT-126', '645a2736-fcdb-585d-a50e-3de2e9208667', 'Safe abortion (MTP) counselling & referral', 2) ON CONFLICT (activity_id) DO NOTHING;
INSERT INTO dinc_metadata.activity (activity_id, activity_code, event_id, activity_name, display_order) VALUES ('74556837-bf79-5fc8-8fd5-d145cb365d69', 'ACT-127', 'aa51a5b6-2781-5dc0-b606-29fe1e0c4fa3', 'Verbal symptom screening (cough > 2 wks, fever, weight loss)', 1) ON CONFLICT (activity_id) DO NOTHING;
INSERT INTO dinc_metadata.activity (activity_id, activity_code, event_id, activity_name, display_order) VALUES ('dd0e6ac3-fe98-54e6-be66-e835af834816', 'ACT-128', 'aa51a5b6-2781-5dc0-b606-29fe1e0c4fa3', 'Sputum collection & transport / NAAT referral', 2) ON CONFLICT (activity_id) DO NOTHING;
INSERT INTO dinc_metadata.activity (activity_id, activity_code, event_id, activity_name, display_order) VALUES ('638f7446-fb62-52c0-8a35-a149a3d3c131', 'ACT-129', 'aa51a5b6-2781-5dc0-b606-29fe1e0c4fa3', 'TB notification & Nikshay registration', 3) ON CONFLICT (activity_id) DO NOTHING;
INSERT INTO dinc_metadata.activity (activity_id, activity_code, event_id, activity_name, display_order) VALUES ('9d34c73f-544a-5925-a6e1-01c6327021d4', 'ACT-130', '96db9c8b-f784-53e3-b097-b3d356d30003', 'Treatment initiation & DOT/family support model', 1) ON CONFLICT (activity_id) DO NOTHING;
INSERT INTO dinc_metadata.activity (activity_id, activity_code, event_id, activity_name, display_order) VALUES ('991321a6-1aae-5e6c-a70f-021d532a95b2', 'ACT-131', '96db9c8b-f784-53e3-b097-b3d356d30003', 'Adherence monitoring & follow-up sputum examination', 2) ON CONFLICT (activity_id) DO NOTHING;
INSERT INTO dinc_metadata.activity (activity_id, activity_code, event_id, activity_name, display_order) VALUES ('b8a7d8d8-14c0-54ab-b95b-97d14786c65d', 'ACT-132', '96db9c8b-f784-53e3-b097-b3d356d30003', 'Nikshay Poshan Yojana DBT facilitation', 3) ON CONFLICT (activity_id) DO NOTHING;
INSERT INTO dinc_metadata.activity (activity_id, activity_code, event_id, activity_name, display_order) VALUES ('0eda139f-6277-5a52-836a-534c01e6630b', 'ACT-133', '96db9c8b-f784-53e3-b097-b3d356d30003', 'Contact tracing & TB Preventive Treatment (TPT)', 4) ON CONFLICT (activity_id) DO NOTHING;
INSERT INTO dinc_metadata.activity (activity_id, activity_code, event_id, activity_name, display_order) VALUES ('c7c906fd-939d-5179-8694-8d46bdc10488', 'ACT-134', 'cb3ad837-295b-597d-88b1-c9cdc48daa51', 'Fever surveillance & RDT/slide collection', 1) ON CONFLICT (activity_id) DO NOTHING;
INSERT INTO dinc_metadata.activity (activity_id, activity_code, event_id, activity_name, display_order) VALUES ('fc727351-9e02-5501-9edf-05339173a00e', 'ACT-135', 'cb3ad837-295b-597d-88b1-c9cdc48daa51', 'Radical treatment of confirmed malaria within 24 hours', 2) ON CONFLICT (activity_id) DO NOTHING;
INSERT INTO dinc_metadata.activity (activity_id, activity_code, event_id, activity_name, display_order) VALUES ('87a2f890-c2c7-53cc-ae7f-566eb690edb9', 'ACT-136', 'cb3ad837-295b-597d-88b1-c9cdc48daa51', 'Source reduction, IRS support & LLIN distribution', 3) ON CONFLICT (activity_id) DO NOTHING;
INSERT INTO dinc_metadata.activity (activity_id, activity_code, event_id, activity_name, display_order) VALUES ('c2cf01b6-3ed2-5cd8-baf6-26d6105f8d86', 'ACT-137', 'cb3ad837-295b-597d-88b1-c9cdc48daa51', 'Dengue/Chikungunya case reporting & referral', 4) ON CONFLICT (activity_id) DO NOTHING;
INSERT INTO dinc_metadata.activity (activity_id, activity_code, event_id, activity_name, display_order) VALUES ('f5738ae7-acea-572c-aa42-2a7b890d334b', 'ACT-138', '858d7db6-dd19-545c-b43d-0822c31f7608', 'Skin lesion screening & suspect referral', 1) ON CONFLICT (activity_id) DO NOTHING;
INSERT INTO dinc_metadata.activity (activity_id, activity_code, event_id, activity_name, display_order) VALUES ('4f5a5129-7ea5-5095-84fb-2ddaac18c684', 'ACT-139', '858d7db6-dd19-545c-b43d-0822c31f7608', 'MDT administration & treatment completion support', 2) ON CONFLICT (activity_id) DO NOTHING;
INSERT INTO dinc_metadata.activity (activity_id, activity_code, event_id, activity_name, display_order) VALUES ('85532b71-f4c0-5cb1-ae3d-0a88604c07f4', 'ACT-140', 'e3b55e5f-a8fc-5aed-9386-d23584700e6a', 'Weekly S/P/L form reporting under IDSP-IHIP', 1) ON CONFLICT (activity_id) DO NOTHING;
INSERT INTO dinc_metadata.activity (activity_id, activity_code, event_id, activity_name, display_order) VALUES ('1e2ed2fe-eafd-5d7b-a0cf-46975f837c13', 'ACT-141', 'e3b55e5f-a8fc-5aed-9386-d23584700e6a', 'Mass Drug Administration (MDA) for lymphatic filariasis (endemic areas)', 2) ON CONFLICT (activity_id) DO NOTHING;
INSERT INTO dinc_metadata.activity (activity_id, activity_code, event_id, activity_name, display_order) VALUES ('ed5a7b08-6bb6-5fa6-aede-22eafdbde2dc', 'ACT-142', 'e3b55e5f-a8fc-5aed-9386-d23584700e6a', 'Outbreak alert & early response support', 3) ON CONFLICT (activity_id) DO NOTHING;
INSERT INTO dinc_metadata.activity (activity_id, activity_code, event_id, activity_name, display_order) VALUES ('84122195-4af2-5684-b3a8-0e072a1f35df', 'ACT-143', 'c0462462-c4f8-5942-a20d-21cb7a19102a', 'Clinical assessment & treatment of minor ailments (fever, ARI, diarrhoea, skin, aches)', 1) ON CONFLICT (activity_id) DO NOTHING;
INSERT INTO dinc_metadata.activity (activity_id, activity_code, event_id, activity_name, display_order) VALUES ('6cbfe702-7ddb-5aa0-a295-c38cc9098594', 'ACT-144', 'c0462462-c4f8-5942-a20d-21cb7a19102a', 'Drug dispensing from EDL (essential drug list)', 2) ON CONFLICT (activity_id) DO NOTHING;
INSERT INTO dinc_metadata.activity (activity_id, activity_code, event_id, activity_name, display_order) VALUES ('2b12d7b5-262c-57b1-a398-b8bb3cae0345', 'ACT-145', 'c0462462-c4f8-5942-a20d-21cb7a19102a', 'Teleconsultation with MO/Specialist (eSanjeevani)', 3) ON CONFLICT (activity_id) DO NOTHING;
INSERT INTO dinc_metadata.activity (activity_id, activity_code, event_id, activity_name, display_order) VALUES ('11bec766-1842-572f-a270-736bb0dfedf0', 'ACT-146', '4df57fca-1297-5c4e-a81e-d6a10c1d90a6', 'Point-of-care tests (Hb, blood sugar, malaria RDT, pregnancy test, urine albumin/sugar etc.)', 1) ON CONFLICT (activity_id) DO NOTHING;
INSERT INTO dinc_metadata.activity (activity_id, activity_code, event_id, activity_name, display_order) VALUES ('32a883cb-6dfe-5d0e-aa1a-fd726d4110e9', 'ACT-147', 'df36b545-46b2-5271-9a88-70c905d79d7a', 'Referral of complicated cases with referral slip & tracking', 1) ON CONFLICT (activity_id) DO NOTHING;
INSERT INTO dinc_metadata.activity (activity_id, activity_code, event_id, activity_name, display_order) VALUES ('83943066-4772-5070-a91d-9fdea563b4dc', 'ACT-148', '4a97b1c8-3d22-52f7-8b37-da56a33b79c4', 'Filling of Community Based Assessment Checklist (CBAC) & risk scoring', 1) ON CONFLICT (activity_id) DO NOTHING;
INSERT INTO dinc_metadata.activity (activity_id, activity_code, event_id, activity_name, display_order) VALUES ('a5b1cffd-979b-58b6-b20f-899b165edfd0', 'ACT-149', '4a97b1c8-3d22-52f7-8b37-da56a33b79c4', 'Screening for Hypertension (BP measurement)', 2) ON CONFLICT (activity_id) DO NOTHING;
INSERT INTO dinc_metadata.activity (activity_id, activity_code, event_id, activity_name, display_order) VALUES ('a997f9c8-0acb-58a5-9c7f-b6de34411675', 'ACT-150', '4a97b1c8-3d22-52f7-8b37-da56a33b79c4', 'Screening for Diabetes (blood glucose)', 3) ON CONFLICT (activity_id) DO NOTHING;
INSERT INTO dinc_metadata.activity (activity_id, activity_code, event_id, activity_name, display_order) VALUES ('31fab164-6027-514f-8dc2-b87767f20428', 'ACT-151', '4a97b1c8-3d22-52f7-8b37-da56a33b79c4', 'Screening for Oral Cancer', 4) ON CONFLICT (activity_id) DO NOTHING;
INSERT INTO dinc_metadata.activity (activity_id, activity_code, event_id, activity_name, display_order) VALUES ('2da7556f-3345-5e6e-b52e-86afd53b5880', 'ACT-152', '4a97b1c8-3d22-52f7-8b37-da56a33b79c4', 'Screening for Breast Cancer (CBE)', 5) ON CONFLICT (activity_id) DO NOTHING;
INSERT INTO dinc_metadata.activity (activity_id, activity_code, event_id, activity_name, display_order) VALUES ('95709953-eea0-584e-99e3-aca2bb2d99d7', 'ACT-153', '4a97b1c8-3d22-52f7-8b37-da56a33b79c4', 'Screening for Cervical Cancer (VIA)', 6) ON CONFLICT (activity_id) DO NOTHING;
INSERT INTO dinc_metadata.activity (activity_id, activity_code, event_id, activity_name, display_order) VALUES ('ea8dd81d-7ff3-52e4-a59c-78da1dbe975b', 'ACT-154', 'a9a4973f-9465-5c86-96a1-0b03e83863a7', 'Confirmatory diagnosis by MO/teleconsultation & staging', 1) ON CONFLICT (activity_id) DO NOTHING;
INSERT INTO dinc_metadata.activity (activity_id, activity_code, event_id, activity_name, display_order) VALUES ('dfcaf311-7eb3-500a-9307-b5085f6cb6c3', 'ACT-155', 'a9a4973f-9465-5c86-96a1-0b03e83863a7', 'Treatment initiation for HTN/DM as per protocol', 2) ON CONFLICT (activity_id) DO NOTHING;
INSERT INTO dinc_metadata.activity (activity_id, activity_code, event_id, activity_name, display_order) VALUES ('f8844018-4a5c-57e7-93dc-624e72611211', 'ACT-156', 'cc46ea7b-eff8-5c9e-8150-2794dcb45c9c', 'Monthly BP/blood sugar monitoring & drug refill', 1) ON CONFLICT (activity_id) DO NOTHING;
INSERT INTO dinc_metadata.activity (activity_id, activity_code, event_id, activity_name, display_order) VALUES ('33422c0d-78cb-547d-8129-084720184c68', 'ACT-157', 'cc46ea7b-eff8-5c9e-8150-2794dcb45c9c', 'Continuity of care & defaulter retrieval', 2) ON CONFLICT (activity_id) DO NOTHING;
INSERT INTO dinc_metadata.activity (activity_id, activity_code, event_id, activity_name, display_order) VALUES ('113ef8f9-683f-5640-89a1-ecef15a1ce4e', 'ACT-158', 'cc46ea7b-eff8-5c9e-8150-2794dcb45c9c', 'Complication screening & referral (CVD, nephropathy, retinopathy, foot)', 3) ON CONFLICT (activity_id) DO NOTHING;
INSERT INTO dinc_metadata.activity (activity_id, activity_code, event_id, activity_name, display_order) VALUES ('daa0a1f4-8536-5980-8444-7214505bd8c7', 'ACT-159', '8c8de036-1ada-5c15-8204-e0687634ef7c', 'Screening for chronic respiratory diseases / CKD', 1) ON CONFLICT (activity_id) DO NOTHING;
INSERT INTO dinc_metadata.activity (activity_id, activity_code, event_id, activity_name, display_order) VALUES ('61436625-fe05-5ac7-8f4d-f34dfcf5965c', 'ACT-160', '4d45fbea-101c-530f-911a-5e15fe10025c', 'Screening for common mental disorders (depression, anxiety) using tools', 1) ON CONFLICT (activity_id) DO NOTHING;
INSERT INTO dinc_metadata.activity (activity_id, activity_code, event_id, activity_name, display_order) VALUES ('39d50d64-ed1f-5966-aca2-18786b3ed573', 'ACT-161', '4d45fbea-101c-530f-911a-5e15fe10025c', 'Screening for severe mental disorders & substance use', 2) ON CONFLICT (activity_id) DO NOTHING;
INSERT INTO dinc_metadata.activity (activity_id, activity_code, event_id, activity_name, display_order) VALUES ('269d5b05-de95-5c29-9c55-4e9852e73282', 'ACT-162', 'd6393215-432e-51e3-b63c-8a025b717a0d', 'Teleconsultation / MO assessment & diagnosis', 1) ON CONFLICT (activity_id) DO NOTHING;
INSERT INTO dinc_metadata.activity (activity_id, activity_code, event_id, activity_name, display_order) VALUES ('a0dc6c3f-b481-5196-b480-6abfe2b8c8a0', 'ACT-163', 'd6393215-432e-51e3-b63c-8a025b717a0d', 'Basic management & drug provision for common conditions', 2) ON CONFLICT (activity_id) DO NOTHING;
INSERT INTO dinc_metadata.activity (activity_id, activity_code, event_id, activity_name, display_order) VALUES ('9eff2e52-bbdd-5cfb-8d5c-56b71515ecfc', 'ACT-164', 'd6393215-432e-51e3-b63c-8a025b717a0d', 'Referral of severe cases to DMHP/district facility', 3) ON CONFLICT (activity_id) DO NOTHING;
INSERT INTO dinc_metadata.activity (activity_id, activity_code, event_id, activity_name, display_order) VALUES ('10f0c3b7-7b8c-52a1-8f7f-9b402f9b2832', 'ACT-165', '2052bfd6-4be7-57e0-a072-dc3031a2eac2', 'Adherence follow-up & drug continuity', 1) ON CONFLICT (activity_id) DO NOTHING;
INSERT INTO dinc_metadata.activity (activity_id, activity_code, event_id, activity_name, display_order) VALUES ('aa530a56-ce58-57b3-956a-3e9d90eef059', 'ACT-166', '2052bfd6-4be7-57e0-a072-dc3031a2eac2', 'Suicide-risk identification & crisis referral', 2) ON CONFLICT (activity_id) DO NOTHING;
INSERT INTO dinc_metadata.activity (activity_id, activity_code, event_id, activity_name, display_order) VALUES ('ba19888b-09e6-59ef-bd4c-60211789dab2', 'ACT-167', '2052bfd6-4be7-57e0-a072-dc3031a2eac2', 'Community awareness & stigma-reduction sessions', 3) ON CONFLICT (activity_id) DO NOTHING;
INSERT INTO dinc_metadata.activity (activity_id, activity_code, event_id, activity_name, display_order) VALUES ('663d316b-644e-5d27-b1b2-273eedd448a5', 'ACT-168', '36972e63-c3eb-5a18-948f-63637347e75f', 'Vision screening & refractive error identification', 1) ON CONFLICT (activity_id) DO NOTHING;
INSERT INTO dinc_metadata.activity (activity_id, activity_code, event_id, activity_name, display_order) VALUES ('7808b616-e6ef-535d-a064-cceca06bef72', 'ACT-169', '36972e63-c3eb-5a18-948f-63637347e75f', 'Cataract identification & referral', 2) ON CONFLICT (activity_id) DO NOTHING;
INSERT INTO dinc_metadata.activity (activity_id, activity_code, event_id, activity_name, display_order) VALUES ('44c9f28e-dbec-568f-9658-e2cea41592de', 'ACT-170', '36972e63-c3eb-5a18-948f-63637347e75f', 'Screening for diabetic retinopathy / glaucoma (linked to NCD)', 3) ON CONFLICT (activity_id) DO NOTHING;
INSERT INTO dinc_metadata.activity (activity_id, activity_code, event_id, activity_name, display_order) VALUES ('3b5cd523-3b0f-598c-9d9a-4b92085d04e4', 'ACT-171', '36972e63-c3eb-5a18-948f-63637347e75f', 'School eye screening & childhood blindness detection', 4) ON CONFLICT (activity_id) DO NOTHING;
INSERT INTO dinc_metadata.activity (activity_id, activity_code, event_id, activity_name, display_order) VALUES ('ebf74928-e4ef-5b5f-9539-dd0457f241b8', 'ACT-172', '302bb6ca-4987-5f8d-9c27-6cf2f5a1c13e', 'Hearing screening & ear problem identification', 1) ON CONFLICT (activity_id) DO NOTHING;
INSERT INTO dinc_metadata.activity (activity_id, activity_code, event_id, activity_name, display_order) VALUES ('ff9dbc1c-68a2-5515-be73-fc744bdbdda0', 'ACT-173', '302bb6ca-4987-5f8d-9c27-6cf2f5a1c13e', 'Management of minor ENT ailments & wax/ASOM treatment', 2) ON CONFLICT (activity_id) DO NOTHING;
INSERT INTO dinc_metadata.activity (activity_id, activity_code, event_id, activity_name, display_order) VALUES ('d71d59cc-f3b0-5f9d-b5c3-1b5973d5a163', 'ACT-174', '6b20120c-853a-5bc9-88c2-43311a7b1d1b', 'Screening for dental caries, gum disease & oral lesions', 1) ON CONFLICT (activity_id) DO NOTHING;
INSERT INTO dinc_metadata.activity (activity_id, activity_code, event_id, activity_name, display_order) VALUES ('e9abe7ea-5a86-51c5-8c6c-35157e9c7561', 'ACT-175', '6b20120c-853a-5bc9-88c2-43311a7b1d1b', 'Oral hygiene & tobacco-cessation counselling', 2) ON CONFLICT (activity_id) DO NOTHING;
INSERT INTO dinc_metadata.activity (activity_id, activity_code, event_id, activity_name, display_order) VALUES ('1e12f625-d1c3-58f9-92aa-88bc83cfa5ef', 'ACT-176', '6b20120c-853a-5bc9-88c2-43311a7b1d1b', 'School oral health & fluoride awareness sessions', 3) ON CONFLICT (activity_id) DO NOTHING;
INSERT INTO dinc_metadata.activity (activity_id, activity_code, event_id, activity_name, display_order) VALUES ('b0bb3502-60b3-5d1b-8ee7-60d41f1ffbbc', 'ACT-177', '1fb2a202-b87d-5f27-948e-751318033b4d', 'Basic treatment (analgesia, first-aid) & referral of complex cases', 1) ON CONFLICT (activity_id) DO NOTHING;
INSERT INTO dinc_metadata.activity (activity_id, activity_code, event_id, activity_name, display_order) VALUES ('55a62d8a-bde5-5938-a49e-ac21fc25ba55', 'ACT-178', '5d2705ea-cc74-567e-aa8a-0282c98237f9', 'Screening of elderly (60+) for common geriatric conditions & frailty', 1) ON CONFLICT (activity_id) DO NOTHING;
INSERT INTO dinc_metadata.activity (activity_id, activity_code, event_id, activity_name, display_order) VALUES ('f087d849-898a-5730-969d-1c39421090a7', 'ACT-179', '5d2705ea-cc74-567e-aa8a-0282c98237f9', 'Assessment for ADL (Activities of Daily Living) & fall risk', 2) ON CONFLICT (activity_id) DO NOTHING;
INSERT INTO dinc_metadata.activity (activity_id, activity_code, event_id, activity_name, display_order) VALUES ('b168cb1b-77ba-5859-b343-4f6412e0986a', 'ACT-180', '5254d31c-7c80-5383-a7fc-9aea0decad01', 'Management & drug refill for chronic conditions in elderly', 1) ON CONFLICT (activity_id) DO NOTHING;
INSERT INTO dinc_metadata.activity (activity_id, activity_code, event_id, activity_name, display_order) VALUES ('20c019c5-c0ff-58c9-9d64-aeff90397370', 'ACT-181', '5254d31c-7c80-5383-a7fc-9aea0decad01', 'Home-based care & caregiver counselling for bed-ridden elderly', 2) ON CONFLICT (activity_id) DO NOTHING;
INSERT INTO dinc_metadata.activity (activity_id, activity_code, event_id, activity_name, display_order) VALUES ('b45f26e4-a8e3-5a2e-be05-65b7eb8d597a', 'ACT-182', '5254d31c-7c80-5383-a7fc-9aea0decad01', 'Physiotherapy / rehab & aids-appliances referral', 3) ON CONFLICT (activity_id) DO NOTHING;
INSERT INTO dinc_metadata.activity (activity_id, activity_code, event_id, activity_name, display_order) VALUES ('1a7201b1-cd1b-586a-986f-c46951127af6', 'ACT-183', '756a7039-2c74-5a9d-a3b7-c20b83df0afd', 'Identification of patients needing palliative care', 1) ON CONFLICT (activity_id) DO NOTHING;
INSERT INTO dinc_metadata.activity (activity_id, activity_code, event_id, activity_name, display_order) VALUES ('8928653b-4389-5bbe-8fb2-d0cc47daaf1e', 'ACT-184', '756a7039-2c74-5a9d-a3b7-c20b83df0afd', 'Home-based palliative & pain management support', 2) ON CONFLICT (activity_id) DO NOTHING;
INSERT INTO dinc_metadata.activity (activity_id, activity_code, event_id, activity_name, display_order) VALUES ('849b706a-9e52-5404-92da-d1c4ef5b330d', 'ACT-185', '756a7039-2c74-5a9d-a3b7-c20b83df0afd', 'Psychosocial support & caregiver training', 3) ON CONFLICT (activity_id) DO NOTHING;
INSERT INTO dinc_metadata.activity (activity_id, activity_code, event_id, activity_name, display_order) VALUES ('13183ee0-4ce4-52d6-a85e-1ffc06e33412', 'ACT-186', 'aa0cd682-a120-532b-8169-9fcaa5767a70', 'Basic emergency care, first-aid & stabilization', 1) ON CONFLICT (activity_id) DO NOTHING;
INSERT INTO dinc_metadata.activity (activity_id, activity_code, event_id, activity_name, display_order) VALUES ('17f70ebb-f368-5e4e-8c54-8c6aecff6ff4', 'ACT-187', 'aa0cd682-a120-532b-8169-9fcaa5767a70', 'Referral & transport linkage (108/102) for emergencies', 2) ON CONFLICT (activity_id) DO NOTHING;
INSERT INTO dinc_metadata.activity (activity_id, activity_code, event_id, activity_name, display_order) VALUES ('049d4f29-d43b-5bb8-9af2-1433ae0a3f3c', 'ACT-188', 'aa0cd682-a120-532b-8169-9fcaa5767a70', 'Snakebite / burns / poisoning first-response & referral', 3) ON CONFLICT (activity_id) DO NOTHING;
INSERT INTO dinc_metadata.activity (activity_id, activity_code, event_id, activity_name, display_order) VALUES ('ad34daa0-28ac-5ef8-a28e-0348f9aaba15', 'ACT-189', 'bf901548-0864-578e-897a-e372d698165d', 'Yoga & wellness sessions at Ayushman Arogya Mandir', 1) ON CONFLICT (activity_id) DO NOTHING;
INSERT INTO dinc_metadata.activity (activity_id, activity_code, event_id, activity_name, display_order) VALUES ('b25d79e1-2b46-548b-9577-fb8bb28d56a9', 'ACT-190', 'bf901548-0864-578e-897a-e372d698165d', 'Community mobilization & health awareness (IEC/BCC)', 2) ON CONFLICT (activity_id) DO NOTHING;
INSERT INTO dinc_metadata.activity (activity_id, activity_code, event_id, activity_name, display_order) VALUES ('138a3942-9e66-5365-a6f6-230570a3a25e', 'ACT-191', 'bf901548-0864-578e-897a-e372d698165d', 'Eat-Right, Fit-India & tobacco/alcohol-cessation drives', 3) ON CONFLICT (activity_id) DO NOTHING;
INSERT INTO dinc_metadata.activity (activity_id, activity_code, event_id, activity_name, display_order) VALUES ('65cd8e4b-9133-5d59-a33a-858f7b3bd5fe', 'ACT-192', '67bdc5c8-2ef1-52de-906b-2ae64d8a7c19', 'Conduct of Village Health, Sanitation & Nutrition Day', 1) ON CONFLICT (activity_id) DO NOTHING;
INSERT INTO dinc_metadata.activity (activity_id, activity_code, event_id, activity_name, display_order) VALUES ('703a9a50-703a-54d6-bbf6-3a1ea505b47e', 'ACT-193', '67bdc5c8-2ef1-52de-906b-2ae64d8a7c19', 'Water, sanitation & hygiene (WASH) promotion', 2) ON CONFLICT (activity_id) DO NOTHING;

-- ---- schedule_rule (65 rows, from worksheet 'Schedule_Rule') ----
INSERT INTO dinc_metadata.schedule_rule (rule_id, event_code, event_id, schedule_type, anchor_type, offset_days, repeat_interval_days, repeat_count, repeat_until_event_code, dependency_event_code, condition_code, reference_source, rule_description) VALUES ('cab139a4-36fd-5efc-9b1d-ca13fc26d0f1', 'EVT-001', '0b2b5c1d-6419-5522-bed0-2b9b39cfd0d7', 'ONE_TIME', 'PROGRAMME_REGISTRATION', 90, NULL, NULL, NULL, NULL, NULL, NULL, 'Offset represents the first-trimester window (~90 days) within which the first ANC/registration visit should occur.') ON CONFLICT (rule_id) DO NOTHING;
INSERT INTO dinc_metadata.schedule_rule (rule_id, event_code, event_id, schedule_type, anchor_type, offset_days, repeat_interval_days, repeat_count, repeat_until_event_code, dependency_event_code, condition_code, reference_source, rule_description) VALUES ('e46208d7-479d-51ba-af73-c518352acb48', 'EVT-002', 'd34c1ddb-1e4f-5a8a-ae4b-2b3e1af88e45', 'ONE_TIME', 'PREVIOUS_EVENT_COMPLETION', 60, NULL, NULL, NULL, 'EVT-001', NULL, NULL, NULL) ON CONFLICT (rule_id) DO NOTHING;
INSERT INTO dinc_metadata.schedule_rule (rule_id, event_code, event_id, schedule_type, anchor_type, offset_days, repeat_interval_days, repeat_count, repeat_until_event_code, dependency_event_code, condition_code, reference_source, rule_description) VALUES ('98dfa7c2-bc2d-5234-9236-578c1e082727', 'EVT-003', 'c2bf1027-2ec5-5a41-9797-1e80b8b23b60', 'ONE_TIME', 'PREVIOUS_EVENT_COMPLETION', 45, NULL, NULL, NULL, 'EVT-002', NULL, NULL, NULL) ON CONFLICT (rule_id) DO NOTHING;
INSERT INTO dinc_metadata.schedule_rule (rule_id, event_code, event_id, schedule_type, anchor_type, offset_days, repeat_interval_days, repeat_count, repeat_until_event_code, dependency_event_code, condition_code, reference_source, rule_description) VALUES ('876e4c0e-5e23-5cbd-a82c-81df61bbe8b9', 'EVT-004', '2a447da1-8888-51e9-bd2a-c8c763066a74', 'ONE_TIME', 'PREVIOUS_EVENT_COMPLETION', 45, NULL, NULL, NULL, 'EVT-003', NULL, NULL, NULL) ON CONFLICT (rule_id) DO NOTHING;
INSERT INTO dinc_metadata.schedule_rule (rule_id, event_code, event_id, schedule_type, anchor_type, offset_days, repeat_interval_days, repeat_count, repeat_until_event_code, dependency_event_code, condition_code, reference_source, rule_description) VALUES ('50573a4b-06a4-54fa-a643-ad128a4734fa', 'EVT-005', '12db76ce-a310-5d03-9a75-c8d50d9a7872', 'ONE_TIME', 'PREVIOUS_EVENT_COMPLETION', NULL, NULL, NULL, NULL, 'EVT-001', 'HIGH_RISK', NULL, 'Campaign-calendar driven (PMSMA session day): scheduled at runtime against the campaign calendar, not by an anchor-based offset; offset_days is intentionally NULL. Activates at the later of EVT-001 completion and HIGH_RISK identification.') ON CONFLICT (rule_id) DO NOTHING;
INSERT INTO dinc_metadata.schedule_rule (rule_id, event_code, event_id, schedule_type, anchor_type, offset_days, repeat_interval_days, repeat_count, repeat_until_event_code, dependency_event_code, condition_code, reference_source, rule_description) VALUES ('e984e14f-a3fb-5036-92dc-0589592b4458', 'EVT-006', 'eafd5f2b-5b4d-5702-951f-d025759b6d99', 'RECURRING', 'PREVIOUS_EVENT_COMPLETION', 0, 30, NULL, 'EVT-007', 'EVT-001', 'HIGH_RISK', NULL, 'First occurrence at activation = the later of EVT-001 completion and HIGH_RISK identification (offset 0). Recurrence stops automatically when EVT-007 (Delivery) is completed (repeat_until_event_code).') ON CONFLICT (rule_id) DO NOTHING;
INSERT INTO dinc_metadata.schedule_rule (rule_id, event_code, event_id, schedule_type, anchor_type, offset_days, repeat_interval_days, repeat_count, repeat_until_event_code, dependency_event_code, condition_code, reference_source, rule_description) VALUES ('96dc9363-1e44-5051-8e6c-c201b6922299', 'EVT-007', '4e909bb9-efc2-526c-b27e-a3fd6993560a', 'ONE_TIME', 'PREVIOUS_EVENT_COMPLETION', 30, NULL, NULL, NULL, 'EVT-004', NULL, NULL, NULL) ON CONFLICT (rule_id) DO NOTHING;
INSERT INTO dinc_metadata.schedule_rule (rule_id, event_code, event_id, schedule_type, anchor_type, offset_days, repeat_interval_days, repeat_count, repeat_until_event_code, dependency_event_code, condition_code, reference_source, rule_description) VALUES ('41a97070-0af5-5fd7-91f0-90ae7bd06525', 'EVT-008', '827bc9d7-1488-59d2-961f-b4054f5b2456', 'RECURRING', 'PREVIOUS_EVENT_COMPLETION', 0, 7, 5, NULL, 'EVT-007', 'IF_INITIATED', NULL, NULL) ON CONFLICT (rule_id) DO NOTHING;
INSERT INTO dinc_metadata.schedule_rule (rule_id, event_code, event_id, schedule_type, anchor_type, offset_days, repeat_interval_days, repeat_count, repeat_until_event_code, dependency_event_code, condition_code, reference_source, rule_description) VALUES ('4662a715-f9ee-50b2-9b22-72796fe7b730', 'EVT-009', 'e85d8705-a46f-5ae1-8c63-4a81875bacc6', 'RECURRING', 'BIRTH_DATE', 0, 30, 3, NULL, NULL, 'IF_INITIATED', NULL, NULL) ON CONFLICT (rule_id) DO NOTHING;
INSERT INTO dinc_metadata.schedule_rule (rule_id, event_code, event_id, schedule_type, anchor_type, offset_days, repeat_interval_days, repeat_count, repeat_until_event_code, dependency_event_code, condition_code, reference_source, rule_description) VALUES ('748f5089-35e2-5dcb-8599-ab4f39741d6f', 'EVT-010', 'fd6852cd-905f-54ee-92c9-b478421de150', 'RECURRING', 'BIRTH_DATE', 0, 30, 3, NULL, 'EVT-009', 'IF_INITIATED', NULL, NULL) ON CONFLICT (rule_id) DO NOTHING;
INSERT INTO dinc_metadata.schedule_rule (rule_id, event_code, event_id, schedule_type, anchor_type, offset_days, repeat_interval_days, repeat_count, repeat_until_event_code, dependency_event_code, condition_code, reference_source, rule_description) VALUES ('dec13952-4905-57d2-b19d-c96972887d7e', 'EVT-011', '5935e642-b189-5159-94d6-910b077ea349', 'RECURRING', 'BIRTH_DATE', 0, 30, 3, NULL, 'EVT-010', 'IF_INITIATED', NULL, NULL) ON CONFLICT (rule_id) DO NOTHING;
INSERT INTO dinc_metadata.schedule_rule (rule_id, event_code, event_id, schedule_type, anchor_type, offset_days, repeat_interval_days, repeat_count, repeat_until_event_code, dependency_event_code, condition_code, reference_source, rule_description) VALUES ('de66c090-6ba2-559c-abab-3ffecb27e23f', 'EVT-012', '5d896a21-4784-561c-b199-f720933b1659', 'SCHEDULE_DRIVEN', 'BIRTH_DATE', 0, NULL, NULL, NULL, NULL, NULL, 'IMA Immunization Schedule (Immunization_Schedule_CHART.pdf), Table 1, Age: Birth', NULL) ON CONFLICT (rule_id) DO NOTHING;
INSERT INTO dinc_metadata.schedule_rule (rule_id, event_code, event_id, schedule_type, anchor_type, offset_days, repeat_interval_days, repeat_count, repeat_until_event_code, dependency_event_code, condition_code, reference_source, rule_description) VALUES ('cb912a6e-4c73-5dbe-976a-9137eed739e0', 'EVT-013', '8adea31b-41d1-53ec-afa0-bbe9c332ca3c', 'SCHEDULE_DRIVEN', 'BIRTH_DATE', 42, NULL, NULL, NULL, 'EVT-012', NULL, 'IMA Immunization Schedule (Immunization_Schedule_CHART.pdf), Table 1, Age: 6 weeks', NULL) ON CONFLICT (rule_id) DO NOTHING;
INSERT INTO dinc_metadata.schedule_rule (rule_id, event_code, event_id, schedule_type, anchor_type, offset_days, repeat_interval_days, repeat_count, repeat_until_event_code, dependency_event_code, condition_code, reference_source, rule_description) VALUES ('a07e7d8b-63a0-5068-9f35-7be035e03402', 'EVT-014', 'd16a8c9a-3374-5bee-a523-2e26834a0a17', 'SCHEDULE_DRIVEN', 'BIRTH_DATE', 70, NULL, NULL, NULL, 'EVT-013', NULL, 'IMA Immunization Schedule (Immunization_Schedule_CHART.pdf), Table 1, Age: 10 weeks', NULL) ON CONFLICT (rule_id) DO NOTHING;
INSERT INTO dinc_metadata.schedule_rule (rule_id, event_code, event_id, schedule_type, anchor_type, offset_days, repeat_interval_days, repeat_count, repeat_until_event_code, dependency_event_code, condition_code, reference_source, rule_description) VALUES ('0d285f73-6cab-5ebb-b950-7d4634fbff90', 'EVT-015', 'c1d9e33d-d06e-5654-94f3-d9fa3fbc1dfb', 'SCHEDULE_DRIVEN', 'BIRTH_DATE', 98, NULL, NULL, NULL, 'EVT-014', NULL, 'IMA Immunization Schedule (Immunization_Schedule_CHART.pdf), Table 1, Age: 14 weeks', NULL) ON CONFLICT (rule_id) DO NOTHING;
INSERT INTO dinc_metadata.schedule_rule (rule_id, event_code, event_id, schedule_type, anchor_type, offset_days, repeat_interval_days, repeat_count, repeat_until_event_code, dependency_event_code, condition_code, reference_source, rule_description) VALUES ('0c53fdc8-4a41-514a-a29a-61ce81b0dce2', 'EVT-016', '86c2f5fb-83b8-5ef3-bfb1-c1b733bbba38', 'SCHEDULE_DRIVEN', 'BIRTH_DATE', 180, NULL, NULL, NULL, 'EVT-015', NULL, 'IMA Immunization Schedule (Immunization_Schedule_CHART.pdf), Table 1, Age: 6 months', NULL) ON CONFLICT (rule_id) DO NOTHING;
INSERT INTO dinc_metadata.schedule_rule (rule_id, event_code, event_id, schedule_type, anchor_type, offset_days, repeat_interval_days, repeat_count, repeat_until_event_code, dependency_event_code, condition_code, reference_source, rule_description) VALUES ('254fc4bd-ef00-5b73-8b50-713200c75c54', 'EVT-017', 'd29eb8dd-e540-55f6-92a5-200048bf8c85', 'SCHEDULE_DRIVEN', 'BIRTH_DATE', 210, NULL, NULL, NULL, 'EVT-016', NULL, 'IMA Immunization Schedule (Immunization_Schedule_CHART.pdf), Table 1, Age: 7 months', NULL) ON CONFLICT (rule_id) DO NOTHING;
INSERT INTO dinc_metadata.schedule_rule (rule_id, event_code, event_id, schedule_type, anchor_type, offset_days, repeat_interval_days, repeat_count, repeat_until_event_code, dependency_event_code, condition_code, reference_source, rule_description) VALUES ('70f4c7e7-e7ef-536a-9fec-7a2bb6854e0b', 'EVT-018', 'a8c0fdc9-a22e-5f01-a70b-cf01adb376fc', 'SCHEDULE_DRIVEN', 'BIRTH_DATE', 270, NULL, NULL, NULL, 'EVT-017', NULL, 'IMA Immunization Schedule (Immunization_Schedule_CHART.pdf), Table 1, Age: 9 months', NULL) ON CONFLICT (rule_id) DO NOTHING;
INSERT INTO dinc_metadata.schedule_rule (rule_id, event_code, event_id, schedule_type, anchor_type, offset_days, repeat_interval_days, repeat_count, repeat_until_event_code, dependency_event_code, condition_code, reference_source, rule_description) VALUES ('86bf1e83-3d6d-5869-b3d0-9dd7ca466a6a', 'EVT-019', 'cc2a03e4-4cf5-542f-a801-07be96867439', 'SCHEDULE_DRIVEN', 'BIRTH_DATE', 300, NULL, NULL, NULL, 'EVT-018', NULL, 'IMA Immunization Schedule (Immunization_Schedule_CHART.pdf), Table 1, Age: 10 months', NULL) ON CONFLICT (rule_id) DO NOTHING;
INSERT INTO dinc_metadata.schedule_rule (rule_id, event_code, event_id, schedule_type, anchor_type, offset_days, repeat_interval_days, repeat_count, repeat_until_event_code, dependency_event_code, condition_code, reference_source, rule_description) VALUES ('8b923235-9f91-52df-9390-535a09a39ca5', 'EVT-020', 'eb50afbf-ca96-5045-b026-1eeb70dd8559', 'SCHEDULE_DRIVEN', 'BIRTH_DATE', 360, NULL, NULL, NULL, 'EVT-019', NULL, 'IMA Immunization Schedule (Immunization_Schedule_CHART.pdf), Table 1, Age: 12 months', NULL) ON CONFLICT (rule_id) DO NOTHING;
INSERT INTO dinc_metadata.schedule_rule (rule_id, event_code, event_id, schedule_type, anchor_type, offset_days, repeat_interval_days, repeat_count, repeat_until_event_code, dependency_event_code, condition_code, reference_source, rule_description) VALUES ('5d27854d-d764-55c3-83ad-31d8b538d99c', 'EVT-021', '2b3bbb90-0ea0-5834-9a9d-19afb0483ce6', 'SCHEDULE_DRIVEN', 'BIRTH_DATE', 390, NULL, NULL, NULL, 'EVT-020', NULL, 'IMA Immunization Schedule (Immunization_Schedule_CHART.pdf), Table 1, Age: 13 months', NULL) ON CONFLICT (rule_id) DO NOTHING;
INSERT INTO dinc_metadata.schedule_rule (rule_id, event_code, event_id, schedule_type, anchor_type, offset_days, repeat_interval_days, repeat_count, repeat_until_event_code, dependency_event_code, condition_code, reference_source, rule_description) VALUES ('c20318e1-5c64-5faf-af44-f782b1472431', 'EVT-022', '175f834c-6633-5cf7-b8f3-1e38fdac68b1', 'SCHEDULE_DRIVEN', 'BIRTH_DATE', 450, NULL, NULL, NULL, 'EVT-021', NULL, 'IMA Immunization Schedule (Immunization_Schedule_CHART.pdf), Table 1, Age: 15 months', NULL) ON CONFLICT (rule_id) DO NOTHING;
INSERT INTO dinc_metadata.schedule_rule (rule_id, event_code, event_id, schedule_type, anchor_type, offset_days, repeat_interval_days, repeat_count, repeat_until_event_code, dependency_event_code, condition_code, reference_source, rule_description) VALUES ('a1124c0e-b88d-59d3-8595-3f1abc426089', 'EVT-023', '1770cb93-51ad-568c-9f6d-a355419e9469', 'SCHEDULE_DRIVEN', 'BIRTH_DATE', 450, NULL, NULL, NULL, 'EVT-022', NULL, 'IMA Immunization Schedule (Immunization_Schedule_CHART.pdf), Table 1, Age: 15–18 months', 'Eligibility window upper bound: 18 months (offset stores the 15-month lower bound).') ON CONFLICT (rule_id) DO NOTHING;
INSERT INTO dinc_metadata.schedule_rule (rule_id, event_code, event_id, schedule_type, anchor_type, offset_days, repeat_interval_days, repeat_count, repeat_until_event_code, dependency_event_code, condition_code, reference_source, rule_description) VALUES ('d13fa0d0-a51a-5dd2-ae85-ce3e1804e261', 'EVT-024', 'ab2131b1-89ce-5cd3-9a88-3bda3000f078', 'SCHEDULE_DRIVEN', 'BIRTH_DATE', 480, NULL, NULL, NULL, 'EVT-023', NULL, 'IMA Immunization Schedule (Immunization_Schedule_CHART.pdf), Table 1, Age: 16–18 months', 'Eligibility window upper bound: 18 months (offset stores the 16-month lower bound).') ON CONFLICT (rule_id) DO NOTHING;
INSERT INTO dinc_metadata.schedule_rule (rule_id, event_code, event_id, schedule_type, anchor_type, offset_days, repeat_interval_days, repeat_count, repeat_until_event_code, dependency_event_code, condition_code, reference_source, rule_description) VALUES ('f69b0d80-ed91-5ccd-b3b9-91f86358caa8', 'EVT-025', 'db4ab7f3-20c8-59e5-b4e2-baf5b3f1526c', 'SCHEDULE_DRIVEN', 'BIRTH_DATE', 540, NULL, NULL, NULL, 'EVT-024', NULL, 'IMA Immunization Schedule (Immunization_Schedule_CHART.pdf), Table 1, Age: 18 months', NULL) ON CONFLICT (rule_id) DO NOTHING;
INSERT INTO dinc_metadata.schedule_rule (rule_id, event_code, event_id, schedule_type, anchor_type, offset_days, repeat_interval_days, repeat_count, repeat_until_event_code, dependency_event_code, condition_code, reference_source, rule_description) VALUES ('61d488b9-4910-5897-8d35-355d233a499f', 'EVT-026', '979b4a4a-5b11-5aa2-aed5-f904032bdfc0', 'SCHEDULE_DRIVEN', 'BIRTH_DATE', 730, NULL, NULL, NULL, 'EVT-025', NULL, 'IMA Immunization Schedule (Immunization_Schedule_CHART.pdf), Table 1, Age: 2 years', NULL) ON CONFLICT (rule_id) DO NOTHING;
INSERT INTO dinc_metadata.schedule_rule (rule_id, event_code, event_id, schedule_type, anchor_type, offset_days, repeat_interval_days, repeat_count, repeat_until_event_code, dependency_event_code, condition_code, reference_source, rule_description) VALUES ('90548412-22fd-5f1d-bcc7-3687bc5a1199', 'EVT-027', '9817234a-feaf-55f2-9d52-28b5c75c5c7b', 'SCHEDULE_DRIVEN', 'BIRTH_DATE', 1460, NULL, NULL, NULL, 'EVT-026', NULL, 'IMA Immunization Schedule (Immunization_Schedule_CHART.pdf), Table 1, Age: 4–6 years', 'Eligibility window upper bound: 6 years (offset stores the 4-year lower bound).') ON CONFLICT (rule_id) DO NOTHING;
INSERT INTO dinc_metadata.schedule_rule (rule_id, event_code, event_id, schedule_type, anchor_type, offset_days, repeat_interval_days, repeat_count, repeat_until_event_code, dependency_event_code, condition_code, reference_source, rule_description) VALUES ('f8aa0262-a113-5228-9672-04941652abd2', 'EVT-028', '02aeb79a-f482-54cf-9166-3d3f6427252d', 'SCHEDULE_DRIVEN', 'BIRTH_DATE', 3285, NULL, NULL, NULL, 'EVT-027', 'FEMALE_ONLY', 'IMA Immunization Schedule (Immunization_Schedule_CHART.pdf), Table 1, Age: 9 years onwards (girls)', 'Open-ended: eligible from the 9th year onwards (no upper bound).') ON CONFLICT (rule_id) DO NOTHING;
INSERT INTO dinc_metadata.schedule_rule (rule_id, event_code, event_id, schedule_type, anchor_type, offset_days, repeat_interval_days, repeat_count, repeat_until_event_code, dependency_event_code, condition_code, reference_source, rule_description) VALUES ('8577512b-2964-535d-b89f-f42e6218ac3f', 'EVT-029', 'f5bf22f6-9298-5c92-8eeb-e46f1cd2b498', 'SCHEDULE_DRIVEN', 'BIRTH_DATE', 3650, NULL, NULL, NULL, 'EVT-028', NULL, 'IMA Immunization Schedule (Immunization_Schedule_CHART.pdf), Table 1, Age: 10 years', NULL) ON CONFLICT (rule_id) DO NOTHING;
INSERT INTO dinc_metadata.schedule_rule (rule_id, event_code, event_id, schedule_type, anchor_type, offset_days, repeat_interval_days, repeat_count, repeat_until_event_code, dependency_event_code, condition_code, reference_source, rule_description) VALUES ('3ef2966b-87f6-57da-aebc-2aa01fab8e19', 'EVT-030', 'e654bdf2-a339-52dd-ad74-1e2400ce469b', 'SCHEDULE_DRIVEN', 'BIRTH_DATE', 5840, NULL, NULL, NULL, 'EVT-029', NULL, 'IMA Immunization Schedule (Immunization_Schedule_CHART.pdf), Table 1, Age: 16 years', 'Repeats every 10 years thereafter (not expressible via the recurrence columns for a schedule-driven rule).') ON CONFLICT (rule_id) DO NOTHING;
INSERT INTO dinc_metadata.schedule_rule (rule_id, event_code, event_id, schedule_type, anchor_type, offset_days, repeat_interval_days, repeat_count, repeat_until_event_code, dependency_event_code, condition_code, reference_source, rule_description) VALUES ('5d1757a5-bfb5-5d94-b5b6-e6240c6764ef', 'EVT-031', '3d053f54-c38b-5583-b5b6-4d714798c323', 'RECURRING', 'PROGRAMME_REGISTRATION', 0, 30, 5, NULL, NULL, 'IF_INITIATED', NULL, NULL) ON CONFLICT (rule_id) DO NOTHING;
INSERT INTO dinc_metadata.schedule_rule (rule_id, event_code, event_id, schedule_type, anchor_type, offset_days, repeat_interval_days, repeat_count, repeat_until_event_code, dependency_event_code, condition_code, reference_source, rule_description) VALUES ('1c225968-ce07-5cdb-b94a-e93a826d0787', 'EVT-032', '4b54e60f-12b6-5f73-87d4-ebf1c8589f27', 'RECURRING', 'PROGRAMME_REGISTRATION', 0, 180, NULL, NULL, NULL, NULL, NULL, NULL) ON CONFLICT (rule_id) DO NOTHING;
INSERT INTO dinc_metadata.schedule_rule (rule_id, event_code, event_id, schedule_type, anchor_type, offset_days, repeat_interval_days, repeat_count, repeat_until_event_code, dependency_event_code, condition_code, reference_source, rule_description) VALUES ('7103de71-e948-5c16-9443-0ea8ff7cf46a', 'EVT-033', '9b78fac4-3531-508e-9f09-3344caef1f55', 'RECURRING', 'PROGRAMME_REGISTRATION', 0, 180, NULL, NULL, NULL, NULL, NULL, NULL) ON CONFLICT (rule_id) DO NOTHING;
INSERT INTO dinc_metadata.schedule_rule (rule_id, event_code, event_id, schedule_type, anchor_type, offset_days, repeat_interval_days, repeat_count, repeat_until_event_code, dependency_event_code, condition_code, reference_source, rule_description) VALUES ('e8731a86-bd06-5f07-8ca9-76a1d731f766', 'EVT-034', '9c554dce-6568-59a4-b9fd-fdf52248368d', 'RECURRING', 'PROGRAMME_REGISTRATION', 0, 30, 2, NULL, NULL, 'IF_INDICATED', NULL, NULL) ON CONFLICT (rule_id) DO NOTHING;
INSERT INTO dinc_metadata.schedule_rule (rule_id, event_code, event_id, schedule_type, anchor_type, offset_days, repeat_interval_days, repeat_count, repeat_until_event_code, dependency_event_code, condition_code, reference_source, rule_description) VALUES ('129053d8-1996-5853-9fb7-2afc96611213', 'EVT-035', '427e9871-a0a6-5125-9224-cd4b5a3a7ae3', 'RECURRING', 'PROGRAMME_REGISTRATION', 0, 30, 2, NULL, NULL, 'IF_INDICATED', NULL, NULL) ON CONFLICT (rule_id) DO NOTHING;
INSERT INTO dinc_metadata.schedule_rule (rule_id, event_code, event_id, schedule_type, anchor_type, offset_days, repeat_interval_days, repeat_count, repeat_until_event_code, dependency_event_code, condition_code, reference_source, rule_description) VALUES ('3eec237b-72f6-59a1-9e11-a94c7a5db462', 'EVT-036', 'c9ca9720-70a7-5ce9-948f-8e93494bf19a', 'RECURRING', 'PROGRAMME_REGISTRATION', 0, 180, NULL, NULL, NULL, NULL, NULL, NULL) ON CONFLICT (rule_id) DO NOTHING;
INSERT INTO dinc_metadata.schedule_rule (rule_id, event_code, event_id, schedule_type, anchor_type, offset_days, repeat_interval_days, repeat_count, repeat_until_event_code, dependency_event_code, condition_code, reference_source, rule_description) VALUES ('9fbb8832-7348-5ac8-93c1-d68fd27cb0d3', 'EVT-037', 'd50de101-d354-58d1-b147-85897e921132', 'RECURRING', 'PROGRAMME_REGISTRATION', 0, 30, 5, NULL, NULL, 'IF_INDICATED', NULL, NULL) ON CONFLICT (rule_id) DO NOTHING;
INSERT INTO dinc_metadata.schedule_rule (rule_id, event_code, event_id, schedule_type, anchor_type, offset_days, repeat_interval_days, repeat_count, repeat_until_event_code, dependency_event_code, condition_code, reference_source, rule_description) VALUES ('988f38ca-abea-5a47-9747-0db4c7219e59', 'EVT-038', '0fe353ca-4e7f-52fd-bb2f-4cac7ada139b', 'ONE_TIME', 'PROGRAMME_REGISTRATION', NULL, NULL, NULL, NULL, NULL, 'ON_REFERRAL', NULL, 'No scheduling rule exists in the source for this restored event; modelled as on-referral pending confirmation.') ON CONFLICT (rule_id) DO NOTHING;
INSERT INTO dinc_metadata.schedule_rule (rule_id, event_code, event_id, schedule_type, anchor_type, offset_days, repeat_interval_days, repeat_count, repeat_until_event_code, dependency_event_code, condition_code, reference_source, rule_description) VALUES ('9f68f7a6-1a95-56d4-a10b-8441199a6a28', 'EVT-039', 'e981bbdc-e924-520f-8592-a0c2d0f03268', 'RECURRING', 'PROGRAMME_REGISTRATION', 0, 30, 3, NULL, NULL, NULL, NULL, NULL) ON CONFLICT (rule_id) DO NOTHING;
INSERT INTO dinc_metadata.schedule_rule (rule_id, event_code, event_id, schedule_type, anchor_type, offset_days, repeat_interval_days, repeat_count, repeat_until_event_code, dependency_event_code, condition_code, reference_source, rule_description) VALUES ('c2ace3ab-783f-505e-bc63-5411aeffe3c3', 'EVT-040', '645a2736-fcdb-585d-a50e-3de2e9208667', 'ONE_TIME', 'PROGRAMME_REGISTRATION', NULL, NULL, NULL, NULL, NULL, 'ON_REFERRAL', NULL, 'No scheduling rule exists in the source for this restored event; modelled as on-referral pending confirmation.') ON CONFLICT (rule_id) DO NOTHING;
INSERT INTO dinc_metadata.schedule_rule (rule_id, event_code, event_id, schedule_type, anchor_type, offset_days, repeat_interval_days, repeat_count, repeat_until_event_code, dependency_event_code, condition_code, reference_source, rule_description) VALUES ('0bfd3187-639d-51bc-b47a-bfa3ab6d1d88', 'EVT-041', 'aa51a5b6-2781-5dc0-b606-29fe1e0c4fa3', 'RECURRING', 'PROGRAMME_REGISTRATION', 0, 30, 3, NULL, NULL, 'IF_INITIATED', NULL, NULL) ON CONFLICT (rule_id) DO NOTHING;
INSERT INTO dinc_metadata.schedule_rule (rule_id, event_code, event_id, schedule_type, anchor_type, offset_days, repeat_interval_days, repeat_count, repeat_until_event_code, dependency_event_code, condition_code, reference_source, rule_description) VALUES ('ace7abdc-6aaf-5643-a2a6-5e79c8dcdeca', 'EVT-042', '96db9c8b-f784-53e3-b097-b3d356d30003', 'RECURRING', 'PROGRAMME_REGISTRATION', 0, 30, 3, NULL, NULL, 'IF_INITIATED', NULL, NULL) ON CONFLICT (rule_id) DO NOTHING;
INSERT INTO dinc_metadata.schedule_rule (rule_id, event_code, event_id, schedule_type, anchor_type, offset_days, repeat_interval_days, repeat_count, repeat_until_event_code, dependency_event_code, condition_code, reference_source, rule_description) VALUES ('f9761f05-06a4-59bf-a440-7d4772b1bd38', 'EVT-043', 'cb3ad837-295b-597d-88b1-c9cdc48daa51', 'RECURRING', 'PROGRAMME_REGISTRATION', 0, 30, 3, NULL, NULL, 'IF_INITIATED', NULL, NULL) ON CONFLICT (rule_id) DO NOTHING;
INSERT INTO dinc_metadata.schedule_rule (rule_id, event_code, event_id, schedule_type, anchor_type, offset_days, repeat_interval_days, repeat_count, repeat_until_event_code, dependency_event_code, condition_code, reference_source, rule_description) VALUES ('d37aa65b-0658-5c68-ac21-b28c2e779c59', 'EVT-044', '858d7db6-dd19-545c-b43d-0822c31f7608', 'RECURRING', 'PROGRAMME_REGISTRATION', 0, 30, 3, NULL, NULL, 'IF_INITIATED', NULL, NULL) ON CONFLICT (rule_id) DO NOTHING;
INSERT INTO dinc_metadata.schedule_rule (rule_id, event_code, event_id, schedule_type, anchor_type, offset_days, repeat_interval_days, repeat_count, repeat_until_event_code, dependency_event_code, condition_code, reference_source, rule_description) VALUES ('80ec97d4-bf22-5eca-9286-2e172d166419', 'EVT-045', 'e3b55e5f-a8fc-5aed-9386-d23584700e6a', 'RECURRING', 'PROGRAMME_REGISTRATION', 0, 30, 3, NULL, NULL, 'IF_INITIATED', NULL, NULL) ON CONFLICT (rule_id) DO NOTHING;
INSERT INTO dinc_metadata.schedule_rule (rule_id, event_code, event_id, schedule_type, anchor_type, offset_days, repeat_interval_days, repeat_count, repeat_until_event_code, dependency_event_code, condition_code, reference_source, rule_description) VALUES ('06480494-6b20-5d82-9b69-5191d6519d02', 'EVT-046', 'c0462462-c4f8-5942-a20d-21cb7a19102a', 'RECURRING', 'PROGRAMME_REGISTRATION', 0, 30, 3, NULL, NULL, 'IF_INITIATED', NULL, NULL) ON CONFLICT (rule_id) DO NOTHING;
INSERT INTO dinc_metadata.schedule_rule (rule_id, event_code, event_id, schedule_type, anchor_type, offset_days, repeat_interval_days, repeat_count, repeat_until_event_code, dependency_event_code, condition_code, reference_source, rule_description) VALUES ('438137fd-d743-517a-a5b2-0a34ee0912b8', 'EVT-047', '4df57fca-1297-5c4e-a81e-d6a10c1d90a6', 'RECURRING', 'PROGRAMME_REGISTRATION', 0, 30, 3, NULL, NULL, 'IF_INITIATED', NULL, NULL) ON CONFLICT (rule_id) DO NOTHING;
INSERT INTO dinc_metadata.schedule_rule (rule_id, event_code, event_id, schedule_type, anchor_type, offset_days, repeat_interval_days, repeat_count, repeat_until_event_code, dependency_event_code, condition_code, reference_source, rule_description) VALUES ('69840780-6004-5693-8a05-edbe0664bb8d', 'EVT-048', 'df36b545-46b2-5271-9a88-70c905d79d7a', 'RECURRING', 'PROGRAMME_REGISTRATION', 0, 30, 3, NULL, NULL, 'IF_INITIATED', NULL, NULL) ON CONFLICT (rule_id) DO NOTHING;
INSERT INTO dinc_metadata.schedule_rule (rule_id, event_code, event_id, schedule_type, anchor_type, offset_days, repeat_interval_days, repeat_count, repeat_until_event_code, dependency_event_code, condition_code, reference_source, rule_description) VALUES ('1dbb1a03-46c5-5016-9736-284951f42a49', 'EVT-049', '4a97b1c8-3d22-52f7-8b37-da56a33b79c4', 'RECURRING', 'PROGRAMME_REGISTRATION', 0, 30, 3, NULL, NULL, 'IF_INITIATED', NULL, NULL) ON CONFLICT (rule_id) DO NOTHING;
INSERT INTO dinc_metadata.schedule_rule (rule_id, event_code, event_id, schedule_type, anchor_type, offset_days, repeat_interval_days, repeat_count, repeat_until_event_code, dependency_event_code, condition_code, reference_source, rule_description) VALUES ('96f4a07e-84e3-5ea0-9a02-80efa99a2e2a', 'EVT-050', 'a9a4973f-9465-5c86-96a1-0b03e83863a7', 'RECURRING', 'PROGRAMME_REGISTRATION', 0, 30, 3, NULL, NULL, 'IF_INITIATED', NULL, NULL) ON CONFLICT (rule_id) DO NOTHING;
INSERT INTO dinc_metadata.schedule_rule (rule_id, event_code, event_id, schedule_type, anchor_type, offset_days, repeat_interval_days, repeat_count, repeat_until_event_code, dependency_event_code, condition_code, reference_source, rule_description) VALUES ('360f42dc-2337-518a-95d6-12e6b92fc456', 'EVT-051', 'cc46ea7b-eff8-5c9e-8150-2794dcb45c9c', 'RECURRING', 'PROGRAMME_REGISTRATION', 0, 30, 3, NULL, NULL, 'IF_INITIATED', NULL, NULL) ON CONFLICT (rule_id) DO NOTHING;
INSERT INTO dinc_metadata.schedule_rule (rule_id, event_code, event_id, schedule_type, anchor_type, offset_days, repeat_interval_days, repeat_count, repeat_until_event_code, dependency_event_code, condition_code, reference_source, rule_description) VALUES ('73365795-9020-5885-be4e-8f38fe817fb2', 'EVT-052', '8c8de036-1ada-5c15-8204-e0687634ef7c', 'RECURRING', 'PROGRAMME_REGISTRATION', 0, 30, 3, NULL, NULL, 'IF_INITIATED', NULL, NULL) ON CONFLICT (rule_id) DO NOTHING;
INSERT INTO dinc_metadata.schedule_rule (rule_id, event_code, event_id, schedule_type, anchor_type, offset_days, repeat_interval_days, repeat_count, repeat_until_event_code, dependency_event_code, condition_code, reference_source, rule_description) VALUES ('6e622a03-a5ac-5d45-aea9-a6b1453f6e1b', 'EVT-053', '4d45fbea-101c-530f-911a-5e15fe10025c', 'RECURRING', 'PROGRAMME_REGISTRATION', 0, 30, 3, NULL, NULL, 'IF_INITIATED', NULL, NULL) ON CONFLICT (rule_id) DO NOTHING;
INSERT INTO dinc_metadata.schedule_rule (rule_id, event_code, event_id, schedule_type, anchor_type, offset_days, repeat_interval_days, repeat_count, repeat_until_event_code, dependency_event_code, condition_code, reference_source, rule_description) VALUES ('d36c1e91-1a99-52c9-ade5-0ece9df96d16', 'EVT-054', 'd6393215-432e-51e3-b63c-8a025b717a0d', 'RECURRING', 'PROGRAMME_REGISTRATION', 0, 30, 3, NULL, NULL, 'IF_INITIATED', NULL, NULL) ON CONFLICT (rule_id) DO NOTHING;
INSERT INTO dinc_metadata.schedule_rule (rule_id, event_code, event_id, schedule_type, anchor_type, offset_days, repeat_interval_days, repeat_count, repeat_until_event_code, dependency_event_code, condition_code, reference_source, rule_description) VALUES ('e926f3e6-7968-5823-9b67-80f01efb462e', 'EVT-055', '2052bfd6-4be7-57e0-a072-dc3031a2eac2', 'RECURRING', 'PROGRAMME_REGISTRATION', 0, 30, 3, NULL, NULL, 'IF_INITIATED', NULL, NULL) ON CONFLICT (rule_id) DO NOTHING;
INSERT INTO dinc_metadata.schedule_rule (rule_id, event_code, event_id, schedule_type, anchor_type, offset_days, repeat_interval_days, repeat_count, repeat_until_event_code, dependency_event_code, condition_code, reference_source, rule_description) VALUES ('90e64635-eedb-5936-8be2-46cf764bdbbe', 'EVT-056', '36972e63-c3eb-5a18-948f-63637347e75f', 'RECURRING', 'PROGRAMME_REGISTRATION', 0, 30, 3, NULL, NULL, 'IF_INITIATED', NULL, NULL) ON CONFLICT (rule_id) DO NOTHING;
INSERT INTO dinc_metadata.schedule_rule (rule_id, event_code, event_id, schedule_type, anchor_type, offset_days, repeat_interval_days, repeat_count, repeat_until_event_code, dependency_event_code, condition_code, reference_source, rule_description) VALUES ('becc9cad-8ba6-56e6-a1ed-4c168c35f45f', 'EVT-057', '302bb6ca-4987-5f8d-9c27-6cf2f5a1c13e', 'RECURRING', 'PROGRAMME_REGISTRATION', 0, 30, 3, NULL, NULL, 'IF_INITIATED', NULL, NULL) ON CONFLICT (rule_id) DO NOTHING;
INSERT INTO dinc_metadata.schedule_rule (rule_id, event_code, event_id, schedule_type, anchor_type, offset_days, repeat_interval_days, repeat_count, repeat_until_event_code, dependency_event_code, condition_code, reference_source, rule_description) VALUES ('8572b75c-97e5-53cd-9a66-05280683ab10', 'EVT-058', '6b20120c-853a-5bc9-88c2-43311a7b1d1b', 'RECURRING', 'PROGRAMME_REGISTRATION', 0, 30, 3, NULL, NULL, 'IF_INITIATED', NULL, NULL) ON CONFLICT (rule_id) DO NOTHING;
INSERT INTO dinc_metadata.schedule_rule (rule_id, event_code, event_id, schedule_type, anchor_type, offset_days, repeat_interval_days, repeat_count, repeat_until_event_code, dependency_event_code, condition_code, reference_source, rule_description) VALUES ('ac28df9d-e025-5bc3-ab04-0d3ffdfd7815', 'EVT-059', '1fb2a202-b87d-5f27-948e-751318033b4d', 'RECURRING', 'PROGRAMME_REGISTRATION', 0, 30, 3, NULL, NULL, 'IF_INITIATED', NULL, NULL) ON CONFLICT (rule_id) DO NOTHING;
INSERT INTO dinc_metadata.schedule_rule (rule_id, event_code, event_id, schedule_type, anchor_type, offset_days, repeat_interval_days, repeat_count, repeat_until_event_code, dependency_event_code, condition_code, reference_source, rule_description) VALUES ('01c89506-5abe-5785-be4b-063a8522bf5f', 'EVT-060', '5d2705ea-cc74-567e-aa8a-0282c98237f9', 'RECURRING', 'PROGRAMME_REGISTRATION', 0, 30, 3, NULL, NULL, 'IF_INITIATED', NULL, NULL) ON CONFLICT (rule_id) DO NOTHING;
INSERT INTO dinc_metadata.schedule_rule (rule_id, event_code, event_id, schedule_type, anchor_type, offset_days, repeat_interval_days, repeat_count, repeat_until_event_code, dependency_event_code, condition_code, reference_source, rule_description) VALUES ('5386d5a9-1b6b-54a1-bd1a-8ed2de5ce9eb', 'EVT-061', '5254d31c-7c80-5383-a7fc-9aea0decad01', 'RECURRING', 'PROGRAMME_REGISTRATION', 0, 30, 3, NULL, NULL, 'IF_INITIATED', NULL, NULL) ON CONFLICT (rule_id) DO NOTHING;
INSERT INTO dinc_metadata.schedule_rule (rule_id, event_code, event_id, schedule_type, anchor_type, offset_days, repeat_interval_days, repeat_count, repeat_until_event_code, dependency_event_code, condition_code, reference_source, rule_description) VALUES ('edc62976-c1b8-5d8b-be02-64151218b54c', 'EVT-062', '756a7039-2c74-5a9d-a3b7-c20b83df0afd', 'RECURRING', 'PROGRAMME_REGISTRATION', 0, 30, 3, NULL, NULL, 'IF_INITIATED', NULL, NULL) ON CONFLICT (rule_id) DO NOTHING;
INSERT INTO dinc_metadata.schedule_rule (rule_id, event_code, event_id, schedule_type, anchor_type, offset_days, repeat_interval_days, repeat_count, repeat_until_event_code, dependency_event_code, condition_code, reference_source, rule_description) VALUES ('64bdbabf-3b0b-5cc3-9f7b-adfa1c79c6d0', 'EVT-063', 'aa0cd682-a120-532b-8169-9fcaa5767a70', 'RECURRING', 'PROGRAMME_REGISTRATION', 0, 30, 3, NULL, NULL, 'IF_INITIATED', NULL, NULL) ON CONFLICT (rule_id) DO NOTHING;
INSERT INTO dinc_metadata.schedule_rule (rule_id, event_code, event_id, schedule_type, anchor_type, offset_days, repeat_interval_days, repeat_count, repeat_until_event_code, dependency_event_code, condition_code, reference_source, rule_description) VALUES ('511a0081-cc4d-508d-899d-0e771d89fc59', 'EVT-064', 'bf901548-0864-578e-897a-e372d698165d', 'RECURRING', 'PROGRAMME_REGISTRATION', 0, 30, 3, NULL, NULL, 'IF_INITIATED', NULL, NULL) ON CONFLICT (rule_id) DO NOTHING;
INSERT INTO dinc_metadata.schedule_rule (rule_id, event_code, event_id, schedule_type, anchor_type, offset_days, repeat_interval_days, repeat_count, repeat_until_event_code, dependency_event_code, condition_code, reference_source, rule_description) VALUES ('5f55987d-f94a-5856-8105-5477f86b3129', 'EVT-065', '67bdc5c8-2ef1-52de-906b-2ae64d8a7c19', 'RECURRING', 'PROGRAMME_REGISTRATION', 0, 30, 3, NULL, NULL, 'IF_INITIATED', NULL, NULL) ON CONFLICT (rule_id) DO NOTHING;

-- ---- schedule_rule_override (3 rows, from worksheet 'Schedule_Rule_Override') ----
INSERT INTO dinc_metadata.schedule_rule_override (override_id, event_code, event_id, condition_code, offset_days, repeat_interval_days, repeat_count, repeat_until_event_code, is_active, rule_description) VALUES ('19df25c2-03aa-520b-a610-cef613190412', 'EVT-002', 'd34c1ddb-1e4f-5a8a-ae4b-2b3e1af88e45', 'HIGH_RISK', 30, NULL, NULL, NULL, TRUE, NULL) ON CONFLICT (override_id) DO NOTHING;
INSERT INTO dinc_metadata.schedule_rule_override (override_id, event_code, event_id, condition_code, offset_days, repeat_interval_days, repeat_count, repeat_until_event_code, is_active, rule_description) VALUES ('9c37692b-c56f-53b5-9281-ec2fae1de71e', 'EVT-003', 'c2bf1027-2ec5-5a41-9797-1e80b8b23b60', 'HIGH_RISK', 30, NULL, NULL, NULL, TRUE, NULL) ON CONFLICT (override_id) DO NOTHING;
INSERT INTO dinc_metadata.schedule_rule_override (override_id, event_code, event_id, condition_code, offset_days, repeat_interval_days, repeat_count, repeat_until_event_code, is_active, rule_description) VALUES ('18010e42-d5c3-5d59-976a-543793163621', 'EVT-004', '2a447da1-8888-51e9-bd2a-c8c763066a74', 'HIGH_RISK', 30, NULL, NULL, NULL, TRUE, NULL) ON CONFLICT (override_id) DO NOTHING;

-- ---- outcome_template (193 rows, from worksheet 'Outcome_Template') ----
INSERT INTO dinc_metadata.outcome_template (template_id, activity_id, activity_code, activity_name, template_name, display_order) VALUES ('a09b29dc-2197-5904-bb82-4ec0a70dd579', '64ac8e8f-53d9-53a6-a364-40c7343c765e', 'ACT-001', 'Pregnancy registration, RCH ID generation & MCP card issuance', 'Pregnancy registration, RCH ID generation Outcome Template', 1) ON CONFLICT (template_id) DO NOTHING;
INSERT INTO dinc_metadata.outcome_template (template_id, activity_id, activity_code, activity_name, template_name, display_order) VALUES ('5d125374-93d5-50fe-a249-4d36a8faa140', '1522b81c-1870-5bc0-85e2-889a417dbb50', 'ACT-002', 'History taking, LMP confirmation & EDD calculation', 'History taking, LMP confirmation Outcome Template', 1) ON CONFLICT (template_id) DO NOTHING;
INSERT INTO dinc_metadata.outcome_template (template_id, activity_id, activity_code, activity_name, template_name, display_order) VALUES ('06d62999-a64c-59b1-9837-d5e1251de4c8', '26206a6e-6ef5-5177-96a9-2d8f100e16a8', 'ACT-003', 'Weight, height & BMI measurement', 'Weight, height Outcome Template', 1) ON CONFLICT (template_id) DO NOTHING;
INSERT INTO dinc_metadata.outcome_template (template_id, activity_id, activity_code, activity_name, template_name, display_order) VALUES ('e5006f3c-7c17-5130-99d6-42e501028b00', 'dc010337-271a-5633-8a62-7f6c4f69c245', 'ACT-004', 'Blood pressure measurement', 'Blood pressure measurement Outcome Template', 1) ON CONFLICT (template_id) DO NOTHING;
INSERT INTO dinc_metadata.outcome_template (template_id, activity_id, activity_code, activity_name, template_name, display_order) VALUES ('df8f5770-cefe-5bcd-8414-4e3ef8f89e16', '4df325bc-6fc4-5084-b74c-fbd001cd0312', 'ACT-005', 'Haemoglobin estimation', 'Haemoglobin estimation Outcome Template', 1) ON CONFLICT (template_id) DO NOTHING;
INSERT INTO dinc_metadata.outcome_template (template_id, activity_id, activity_code, activity_name, template_name, display_order) VALUES ('66f4f0c1-1035-5638-b48f-51aa349b5a51', '1f034bed-5f9d-59ef-9d44-151e21929d12', 'ACT-006', 'Urine test for albumin & sugar', 'Urine test for albumin Outcome Template', 1) ON CONFLICT (template_id) DO NOTHING;
INSERT INTO dinc_metadata.outcome_template (template_id, activity_id, activity_code, activity_name, template_name, display_order) VALUES ('25a97f68-66a8-5718-b517-2df53b0eeff1', 'c0ca69b1-e262-57eb-8d79-61dd1bd1de4a', 'ACT-007', 'Blood grouping & Rh typing', 'Blood grouping Outcome Template', 1) ON CONFLICT (template_id) DO NOTHING;
INSERT INTO dinc_metadata.outcome_template (template_id, activity_id, activity_code, activity_name, template_name, display_order) VALUES ('25da5d18-526c-5e33-ad1d-bb198d7abde8', '38756876-64fd-5883-a599-d8f5d312127f', 'ACT-008', 'Screening for HIV, Syphilis & Hepatitis B', 'Screening for HIV, Syphilis Outcome Template', 1) ON CONFLICT (template_id) DO NOTHING;
INSERT INTO dinc_metadata.outcome_template (template_id, activity_id, activity_code, activity_name, template_name, display_order) VALUES ('5ca5d71c-0b48-57b8-ae39-1688a3cceb2f', '42436434-a20d-5427-beb7-fac2399198aa', 'ACT-009', 'Blood sugar test (GDM screening - OGTT)', 'Blood sugar test Outcome Template', 1) ON CONFLICT (template_id) DO NOTHING;
INSERT INTO dinc_metadata.outcome_template (template_id, activity_id, activity_code, activity_name, template_name, display_order) VALUES ('beb0c10b-d7c2-5d49-99c6-307ceeaf0df9', '59317095-aaea-5dc2-8f7a-2b68b6ce3fa3', 'ACT-010', 'Td-1 immunization', 'Td-1 immunization Outcome Template', 1) ON CONFLICT (template_id) DO NOTHING;
INSERT INTO dinc_metadata.outcome_template (template_id, activity_id, activity_code, activity_name, template_name, display_order) VALUES ('026dcbb5-232f-50c2-a58c-49b9f66cbd18', '0b13d8ff-d278-5f0d-8304-9c6e0e04bde3', 'ACT-011', 'Folic acid supplementation (1st trimester)', 'Folic acid supplementation Outcome Template', 1) ON CONFLICT (template_id) DO NOTHING;
INSERT INTO dinc_metadata.outcome_template (template_id, activity_id, activity_code, activity_name, template_name, display_order) VALUES ('84e137a0-8e54-536d-87ee-4fb8734d77d0', 'bffc198f-4c7c-516d-b3bb-248964f528ef', 'ACT-012', 'Counselling on nutrition, rest & danger signs', 'Counselling on nutrition, rest Outcome Template', 1) ON CONFLICT (template_id) DO NOTHING;
INSERT INTO dinc_metadata.outcome_template (template_id, activity_id, activity_code, activity_name, template_name, display_order) VALUES ('d47bc6a2-5a2e-5c46-bf05-bd17c68f6dc8', '06f3b300-3ab4-5894-b988-2a07bd162c68', 'ACT-013', 'Weight & BP measurement', 'Weight Outcome Template', 1) ON CONFLICT (template_id) DO NOTHING;
INSERT INTO dinc_metadata.outcome_template (template_id, activity_id, activity_code, activity_name, template_name, display_order) VALUES ('af7d7854-3e38-57da-b4c2-39d3fd98c7a4', '1a477dea-fcd9-5ac9-8b2e-063e39076af5', 'ACT-014', 'Abdominal examination & fundal height assessment', 'Abdominal examination Outcome Template', 1) ON CONFLICT (template_id) DO NOTHING;
INSERT INTO dinc_metadata.outcome_template (template_id, activity_id, activity_code, activity_name, template_name, display_order) VALUES ('febe324a-5b98-55ea-af00-7c4079f754ac', '6ed3a18d-fead-5296-8066-93961e6dfa77', 'ACT-015', 'Haemoglobin re-estimation & anaemia management (IFA/IV iron)', 'Haemoglobin re-estimation Outcome Template', 1) ON CONFLICT (template_id) DO NOTHING;
INSERT INTO dinc_metadata.outcome_template (template_id, activity_id, activity_code, activity_name, template_name, display_order) VALUES ('ef1df3ca-cecd-57b9-8124-6121f5998b7a', '9d8c1c35-228d-50d0-939e-20d696634ba7', 'ACT-016', 'Td-2 / Td-Booster immunization', 'Td-2 Outcome Template', 1) ON CONFLICT (template_id) DO NOTHING;
INSERT INTO dinc_metadata.outcome_template (template_id, activity_id, activity_code, activity_name, template_name, display_order) VALUES ('71294cf8-79b0-548b-a237-07929ee74e9d', 'f7d7b4e7-41cc-59fa-acb6-62e53fc9470e', 'ACT-017', 'IFA supplementation (180 tablets regimen)', 'IFA supplementation Outcome Template', 1) ON CONFLICT (template_id) DO NOTHING;
INSERT INTO dinc_metadata.outcome_template (template_id, activity_id, activity_code, activity_name, template_name, display_order) VALUES ('0c8971a5-d0b5-59d9-a7c4-6fe5f682dfee', '2d230844-c505-5a2b-aa21-c36711438b59', 'ACT-018', 'Calcium supplementation (360 tablets regimen)', 'Calcium supplementation Outcome Template', 1) ON CONFLICT (template_id) DO NOTHING;
INSERT INTO dinc_metadata.outcome_template (template_id, activity_id, activity_code, activity_name, template_name, display_order) VALUES ('f509b855-0579-5d11-b209-a297c65b7474', '36daa39f-8069-513d-a1e1-1889fd24e720', 'ACT-019', 'Deworming - single dose Albendazole (2nd trimester)', 'Deworming - single dose Albendazole Outcome Template', 1) ON CONFLICT (template_id) DO NOTHING;
INSERT INTO dinc_metadata.outcome_template (template_id, activity_id, activity_code, activity_name, template_name, display_order) VALUES ('9902f791-0d37-57aa-92fa-f440b9acbffc', 'e4159c5b-c82f-5a52-abb4-27401329ef12', 'ACT-020', 'High Risk Pregnancy (HRP) screening', 'High Risk Pregnancy Outcome Template', 1) ON CONFLICT (template_id) DO NOTHING;
INSERT INTO dinc_metadata.outcome_template (template_id, activity_id, activity_code, activity_name, template_name, display_order) VALUES ('7d41f66e-1537-5777-91e4-eb0aabbfb2d7', 'dd705741-d435-510b-b431-ae3babd0f68d', 'ACT-021', 'Weight, BP & Hb monitoring', 'Weight, BP Outcome Template', 1) ON CONFLICT (template_id) DO NOTHING;
INSERT INTO dinc_metadata.outcome_template (template_id, activity_id, activity_code, activity_name, template_name, display_order) VALUES ('01e26713-cd3c-54a5-b298-b3b7658a88b8', 'c0480c62-fe28-5f7d-be48-f986762e8f3d', 'ACT-022', 'Foetal heart sound & foetal movement assessment', 'Foetal heart sound Outcome Template', 1) ON CONFLICT (template_id) DO NOTHING;
INSERT INTO dinc_metadata.outcome_template (template_id, activity_id, activity_code, activity_name, template_name, display_order) VALUES ('9a5a6d66-ab92-5adc-91f3-133ef0c5ed2d', 'd941dfdc-bf22-5a98-ae17-2a3fb1c53d0a', 'ACT-023', 'IFA & calcium compliance check', 'IFA Outcome Template', 1) ON CONFLICT (template_id) DO NOTHING;
INSERT INTO dinc_metadata.outcome_template (template_id, activity_id, activity_code, activity_name, template_name, display_order) VALUES ('baaa5311-3b93-58af-80eb-e69ef835b25a', 'e996a5b0-1ed5-5f93-bee2-704d229d42d9', 'ACT-024', 'Birth preparedness & complication readiness counselling', 'Birth preparedness Outcome Template', 1) ON CONFLICT (template_id) DO NOTHING;
INSERT INTO dinc_metadata.outcome_template (template_id, activity_id, activity_code, activity_name, template_name, display_order) VALUES ('d45ee5ea-f9b2-5b6f-9fec-f048ca3648b8', 'e3213f63-a6c3-5797-8b05-c64b45005ab9', 'ACT-025', 'Weight, BP, Hb & urine re-check', 'Weight, BP, Hb Outcome Template', 1) ON CONFLICT (template_id) DO NOTHING;
INSERT INTO dinc_metadata.outcome_template (template_id, activity_id, activity_code, activity_name, template_name, display_order) VALUES ('bf253824-876c-5dd8-bf17-232b8ad7654f', 'e1d65106-7389-5f13-9f5d-227e140a14b2', 'ACT-026', 'Foetal presentation & lie assessment', 'Foetal presentation Outcome Template', 1) ON CONFLICT (template_id) DO NOTHING;
INSERT INTO dinc_metadata.outcome_template (template_id, activity_id, activity_code, activity_name, template_name, display_order) VALUES ('f01c957c-d771-5211-a4f1-c26c1370e55f', '12da2bd3-ffa6-5ca4-961b-498fa9f7c2fd', 'ACT-027', 'Counselling on institutional delivery, JSY/JSSK entitlements', 'Counselling on institutional delivery Outcome Template', 1) ON CONFLICT (template_id) DO NOTHING;
INSERT INTO dinc_metadata.outcome_template (template_id, activity_id, activity_code, activity_name, template_name, display_order) VALUES ('39b72742-d188-5edb-b434-e257cf3e7f1d', '805ab486-8bf6-5a1f-a5a4-1400767ebdb9', 'ACT-028', 'Identification of danger signs & referral planning', 'Identification of danger signs Outcome Template', 1) ON CONFLICT (template_id) DO NOTHING;
INSERT INTO dinc_metadata.outcome_template (template_id, activity_id, activity_code, activity_name, template_name, display_order) VALUES ('e1a24bf3-32f3-585d-9b5f-a61ccdc60c6a', '8bd24ca3-11f3-5171-aa8a-dfd84825a757', 'ACT-029', 'Assured ANC check-up by MO/Specialist', 'Assured ANC check-up by MO/Specialist Outcome Template', 1) ON CONFLICT (template_id) DO NOTHING;
INSERT INTO dinc_metadata.outcome_template (template_id, activity_id, activity_code, activity_name, template_name, display_order) VALUES ('6822c9b6-b348-57cc-b525-f11fd8d2701b', '7c888cb2-30bd-563d-a5a0-5425ef102d3a', 'ACT-030', 'Ultrasonography (where available) / referral for USG', 'Ultrasonography Outcome Template', 1) ON CONFLICT (template_id) DO NOTHING;
INSERT INTO dinc_metadata.outcome_template (template_id, activity_id, activity_code, activity_name, template_name, display_order) VALUES ('729d08e9-18aa-5940-84d2-0ee69928869a', '280f00cc-6f8a-50c6-9de2-13b7807bdc79', 'ACT-031', 'HRP identification & red-sticker tagging on MCP card', 'HRP identification Outcome Template', 1) ON CONFLICT (template_id) DO NOTHING;
INSERT INTO dinc_metadata.outcome_template (template_id, activity_id, activity_code, activity_name, template_name, display_order) VALUES ('4bd223ef-1b9e-5069-9c78-7b136ab5867d', 'b0232d9a-8ca3-53e3-8d0f-e102cb53cba9', 'ACT-032', 'Additional ANC visits & specialist follow-up for HRP', 'Additional ANC visits Outcome Template', 1) ON CONFLICT (template_id) DO NOTHING;
INSERT INTO dinc_metadata.outcome_template (template_id, activity_id, activity_code, activity_name, template_name, display_order) VALUES ('01cb1af1-0edb-5b66-9d51-4a0033d53321', '53ef30b1-0337-508a-a5e1-f6b98c33bebc', 'ACT-033', 'Birth planning at FRU/CEmONC facility for HRP', 'Birth planning at FRU/CEmONC facility for HRP Outcome Template', 1) ON CONFLICT (template_id) DO NOTHING;
INSERT INTO dinc_metadata.outcome_template (template_id, activity_id, activity_code, activity_name, template_name, display_order) VALUES ('026171d8-97f8-5098-a441-62801ed0e68d', '0b2fa0ff-9432-55d5-9970-499970218acd', 'ACT-034', 'Tracking of HRP referral compliance', 'Tracking of HRP referral compliance Outcome Template', 1) ON CONFLICT (template_id) DO NOTHING;
INSERT INTO dinc_metadata.outcome_template (template_id, activity_id, activity_code, activity_name, template_name, display_order) VALUES ('a2154fdd-2d3f-5655-a547-80b90d403f54', '419e945d-fe69-5e9f-abe7-58157e228243', 'ACT-035', 'Skilled birth attendance & partograph monitoring', 'Skilled birth attendance Outcome Template', 1) ON CONFLICT (template_id) DO NOTHING;
INSERT INTO dinc_metadata.outcome_template (template_id, activity_id, activity_code, activity_name, template_name, display_order) VALUES ('23448f4f-a7d5-5d85-8894-8caaaa2c9af2', 'f0f17bc4-a8ea-54fd-8927-16fffac5ebf4', 'ACT-036', 'Active Management of Third Stage of Labour (AMTSL)', 'Active Management of Third Stage of Labour Outcome Template', 1) ON CONFLICT (template_id) DO NOTHING;
INSERT INTO dinc_metadata.outcome_template (template_id, activity_id, activity_code, activity_name, template_name, display_order) VALUES ('b7ad5cae-f50f-535b-ab64-53cb3c7af192', '9c071fdd-d484-5387-a1a5-f33e855c74ac', 'ACT-037', 'Identification & referral of intrapartum complications (PPH, obstructed labour, eclampsia)', 'Identification Outcome Template', 1) ON CONFLICT (template_id) DO NOTHING;
INSERT INTO dinc_metadata.outcome_template (template_id, activity_id, activity_code, activity_name, template_name, display_order) VALUES ('a4f6c6e6-f88e-581c-809b-95f15b69ae8e', 'b4fe5b06-6ef5-5a90-8a46-ed99c4be26d1', 'ACT-038', 'Postnatal examination of mother (bleeding, temperature, BP)', 'Postnatal examination of mother (bleeding Outcome Template', 1) ON CONFLICT (template_id) DO NOTHING;
INSERT INTO dinc_metadata.outcome_template (template_id, activity_id, activity_code, activity_name, template_name, display_order) VALUES ('ae77c1e1-1be7-537e-b681-882ce0e605f9', 'dd02636a-13cf-5431-8f1d-3c3a615123e4', 'ACT-039', 'Breastfeeding support & positioning check', 'Breastfeeding support Outcome Template', 1) ON CONFLICT (template_id) DO NOTHING;
INSERT INTO dinc_metadata.outcome_template (template_id, activity_id, activity_code, activity_name, template_name, display_order) VALUES ('f56aa8e4-699a-5a2f-983b-bc00d3e17e55', 'b01430d6-e363-59cc-ba35-684c74d7469e', 'ACT-040', 'Post-partum family planning (PPIUCD/PPFP) counselling', 'Post-partum family planning Outcome Template', 1) ON CONFLICT (template_id) DO NOTHING;
INSERT INTO dinc_metadata.outcome_template (template_id, activity_id, activity_code, activity_name, template_name, display_order) VALUES ('bcfcb495-7dda-54cf-a1dd-a6139426376d', 'a67fc54e-aec8-58ce-b633-2557312f137e', 'ACT-041', 'Maternal nutrition & IFA continuation (180 tablets post-delivery)', 'Maternal nutrition Outcome Template', 1) ON CONFLICT (template_id) DO NOTHING;
INSERT INTO dinc_metadata.outcome_template (template_id, activity_id, activity_code, activity_name, template_name, display_order) VALUES ('a6da6b16-769c-545b-aa07-13f7b3bccea3', '2706968e-8a00-55e0-a0ec-6a21a54e16a4', 'ACT-042', 'Drying, warmth & delayed cord clamping', 'Drying, warmth Outcome Template', 1) ON CONFLICT (template_id) DO NOTHING;
INSERT INTO dinc_metadata.outcome_template (template_id, activity_id, activity_code, activity_name, template_name, display_order) VALUES ('16f4776b-1535-5d64-8134-b591d1095f0d', '4e255654-65c3-58c1-bfd5-791536b9dcd7', 'ACT-043', 'Initiation of breastfeeding within 1 hour', 'Initiation of breastfeeding within 1 hour Outcome Template', 1) ON CONFLICT (template_id) DO NOTHING;
INSERT INTO dinc_metadata.outcome_template (template_id, activity_id, activity_code, activity_name, template_name, display_order) VALUES ('b3f9fc9b-5fb6-5df3-a5f1-4ae468c0d881', '3dd6c316-965b-58be-9ca9-62fb6deb1935', 'ACT-044', 'Birth weight recording & LBW identification', 'Birth weight recording Outcome Template', 1) ON CONFLICT (template_id) DO NOTHING;
INSERT INTO dinc_metadata.outcome_template (template_id, activity_id, activity_code, activity_name, template_name, display_order) VALUES ('72deb81d-b4b5-5302-a708-f1db10b89554', 'f4c2cdca-4237-542c-a2a9-f60b7442ae89', 'ACT-045', 'Inj. Vitamin K1 administration', 'Inj. Vitamin K1 administration Outcome Template', 1) ON CONFLICT (template_id) DO NOTHING;
INSERT INTO dinc_metadata.outcome_template (template_id, activity_id, activity_code, activity_name, template_name, display_order) VALUES ('84d7e313-300b-5f45-91a2-a832f1207b8e', '69260977-a022-593e-83bb-5b80c043c389', 'ACT-046', 'Birth dose vaccination (BCG, OPV-0, Hep B-0)', 'Birth dose vaccination (BCG Outcome Template', 1) ON CONFLICT (template_id) DO NOTHING;
INSERT INTO dinc_metadata.outcome_template (template_id, activity_id, activity_code, activity_name, template_name, display_order) VALUES ('9605fcb7-1922-5235-b7f8-89eb160842e8', '96342aa5-94fe-5a23-af4c-5f8282469444', 'ACT-047', 'Newborn weight & temperature monitoring', 'Newborn weight Outcome Template', 1) ON CONFLICT (template_id) DO NOTHING;
INSERT INTO dinc_metadata.outcome_template (template_id, activity_id, activity_code, activity_name, template_name, display_order) VALUES ('b291fc0d-211a-59bf-8f15-0fb2bee290b5', '21a07e5a-8340-5759-b29f-0daa38fc3bf4', 'ACT-048', 'Screening for danger signs / sepsis (poor feeding, fever, fast breathing)', 'Screening for danger signs / sepsis (poor Outcome Template', 1) ON CONFLICT (template_id) DO NOTHING;
INSERT INTO dinc_metadata.outcome_template (template_id, activity_id, activity_code, activity_name, template_name, display_order) VALUES ('311205e9-c4d7-57f1-b75d-05ce9a17a623', 'd6f58b68-8038-55b4-8b34-27618c697e20', 'ACT-049', 'Cord care & hygiene counselling', 'Cord care Outcome Template', 1) ON CONFLICT (template_id) DO NOTHING;
INSERT INTO dinc_metadata.outcome_template (template_id, activity_id, activity_code, activity_name, template_name, display_order) VALUES ('fc36ed09-1a36-50d3-950e-bb0786f49e08', 'f06dc1be-0bfe-5895-913d-ac72d426c558', 'ACT-050', 'Exclusive breastfeeding promotion & KMC for LBW', 'Exclusive breastfeeding promotion Outcome Template', 1) ON CONFLICT (template_id) DO NOTHING;
INSERT INTO dinc_metadata.outcome_template (template_id, activity_id, activity_code, activity_name, template_name, display_order) VALUES ('67c4529e-ac73-5024-9ab3-4f85f217edea', 'd86c24f9-c2b7-5797-832d-46d5bade7087', 'ACT-051', 'Growth monitoring & weight plotting', 'Growth monitoring Outcome Template', 1) ON CONFLICT (template_id) DO NOTHING;
INSERT INTO dinc_metadata.outcome_template (template_id, activity_id, activity_code, activity_name, template_name, display_order) VALUES ('157f84ed-c1ad-5834-be2e-acc5bac7a6d9', '1c1f3fea-9b76-5e09-a55a-0ed6a023457a', 'ACT-052', 'ORS-Zinc provision & diarrhoea management counselling', 'ORS-Zinc provision Outcome Template', 1) ON CONFLICT (template_id) DO NOTHING;
INSERT INTO dinc_metadata.outcome_template (template_id, activity_id, activity_code, activity_name, template_name, display_order) VALUES ('8deddaab-9a30-5f46-a483-5473a7679dbe', '5010a201-baf7-5561-b9cc-0ad5f79df4f1', 'ACT-053', 'Complementary feeding & ECD (early childhood development) counselling', 'Complementary feeding Outcome Template', 1) ON CONFLICT (template_id) DO NOTHING;
INSERT INTO dinc_metadata.outcome_template (template_id, activity_id, activity_code, activity_name, template_name, display_order) VALUES ('14308ca7-3416-524d-ab82-575b9c2da181', 'be61fd79-ee6e-5af0-9b1b-3821fdc2b00b', 'ACT-054', 'Immunization status verification & mobilization', 'Immunization status verification Outcome Template', 1) ON CONFLICT (template_id) DO NOTHING;
INSERT INTO dinc_metadata.outcome_template (template_id, activity_id, activity_code, activity_name, template_name, display_order) VALUES ('7312b182-280a-51f6-9405-c5500eb25f17', '53983716-a007-5f94-9f65-2aa38840be43', 'ACT-055', 'BCG', 'BCG Outcome Template', 1) ON CONFLICT (template_id) DO NOTHING;
INSERT INTO dinc_metadata.outcome_template (template_id, activity_id, activity_code, activity_name, template_name, display_order) VALUES ('c8b12458-85ff-5632-a05b-405f809bc61d', '089ec9f5-2da5-51aa-9781-11139c89da14', 'ACT-056', 'OPV-0', 'OPV-0 Outcome Template', 1) ON CONFLICT (template_id) DO NOTHING;
INSERT INTO dinc_metadata.outcome_template (template_id, activity_id, activity_code, activity_name, template_name, display_order) VALUES ('980fbca9-805e-54be-91ea-7301aff48b8d', '64063bc7-f1e5-5106-b038-ef44d30548f4', 'ACT-057', 'Hep B-0', 'Hep B-0 Outcome Template', 1) ON CONFLICT (template_id) DO NOTHING;
INSERT INTO dinc_metadata.outcome_template (template_id, activity_id, activity_code, activity_name, template_name, display_order) VALUES ('dc6f7b39-8c29-598b-afbd-4d3f28ef0bf5', '896e1107-b4e5-57cb-b5b9-1394bad2b36a', 'ACT-058', 'DTwP/DTaP-1', 'DTwP/DTaP-1 Outcome Template', 1) ON CONFLICT (template_id) DO NOTHING;
INSERT INTO dinc_metadata.outcome_template (template_id, activity_id, activity_code, activity_name, template_name, display_order) VALUES ('ac658b9f-e5ce-5a66-b6c7-fc387bbc050c', '1ea19880-2d86-54a3-bd1f-e46e580cc12d', 'ACT-059', 'Hib-1', 'Hib-1 Outcome Template', 1) ON CONFLICT (template_id) DO NOTHING;
INSERT INTO dinc_metadata.outcome_template (template_id, activity_id, activity_code, activity_name, template_name, display_order) VALUES ('11759c5e-3dee-5b46-824b-e54e784c70b5', '264e1485-d0cf-5def-9685-550f8fd2480b', 'ACT-060', 'IPV-1', 'IPV-1 Outcome Template', 1) ON CONFLICT (template_id) DO NOTHING;
INSERT INTO dinc_metadata.outcome_template (template_id, activity_id, activity_code, activity_name, template_name, display_order) VALUES ('18380d9e-8b95-5ccf-8e32-22eea40c5f90', 'c05bf6b7-3eec-548f-9606-32cb5226305c', 'ACT-061', 'Hep B', 'Hep B Outcome Template (ACT-061)', 1) ON CONFLICT (template_id) DO NOTHING;
INSERT INTO dinc_metadata.outcome_template (template_id, activity_id, activity_code, activity_name, template_name, display_order) VALUES ('0cfb9f1a-5e9d-50fa-be40-773fcbaae426', '5beaa825-5e5b-5f6e-8987-a6c4fef60141', 'ACT-062', 'PCV10/13-1', 'PCV10/13-1 Outcome Template', 1) ON CONFLICT (template_id) DO NOTHING;
INSERT INTO dinc_metadata.outcome_template (template_id, activity_id, activity_code, activity_name, template_name, display_order) VALUES ('44ec9d17-36ba-526d-a175-9bd773c2a3c5', 'a13940fe-226e-5928-b640-05a942b259a3', 'ACT-063', 'Rota-1', 'Rota-1 Outcome Template', 1) ON CONFLICT (template_id) DO NOTHING;
INSERT INTO dinc_metadata.outcome_template (template_id, activity_id, activity_code, activity_name, template_name, display_order) VALUES ('64de7049-a21f-5bb4-926f-1ca03dad5afa', 'a70734aa-4e6b-50e9-a5ab-20eac8c5b038', 'ACT-064', 'DTwP/DTaP-2', 'DTwP/DTaP-2 Outcome Template', 1) ON CONFLICT (template_id) DO NOTHING;
INSERT INTO dinc_metadata.outcome_template (template_id, activity_id, activity_code, activity_name, template_name, display_order) VALUES ('4a532b58-6a13-59d0-a3e7-4f6d235a11f6', 'deec7c64-1754-5666-8126-bc1b72b3da1d', 'ACT-065', 'Hib-2', 'Hib-2 Outcome Template', 1) ON CONFLICT (template_id) DO NOTHING;
INSERT INTO dinc_metadata.outcome_template (template_id, activity_id, activity_code, activity_name, template_name, display_order) VALUES ('6fc552b2-fd86-57ee-ab3a-5f3e02207d69', 'af52d9ef-09ab-5e0a-be21-e755df9488bc', 'ACT-066', 'IPV-2', 'IPV-2 Outcome Template', 1) ON CONFLICT (template_id) DO NOTHING;
INSERT INTO dinc_metadata.outcome_template (template_id, activity_id, activity_code, activity_name, template_name, display_order) VALUES ('9ff9964b-7a90-5091-806f-0bcfec1dc2bd', 'f3f406a3-b0a3-5de1-b4c9-d2347086c799', 'ACT-067', 'Hep B', 'Hep B Outcome Template (ACT-067)', 1) ON CONFLICT (template_id) DO NOTHING;
INSERT INTO dinc_metadata.outcome_template (template_id, activity_id, activity_code, activity_name, template_name, display_order) VALUES ('cec7de4a-56c6-5987-a85a-745e15d91631', 'd3e384d0-27e5-579d-9f67-f755ba12d55c', 'ACT-068', 'PCV10/13-2', 'PCV10/13-2 Outcome Template', 1) ON CONFLICT (template_id) DO NOTHING;
INSERT INTO dinc_metadata.outcome_template (template_id, activity_id, activity_code, activity_name, template_name, display_order) VALUES ('a7add765-15f0-51dc-844a-1792ad3d138b', '9877adf4-5c5a-50f6-80bc-512e8976ee69', 'ACT-069', 'Rota-2', 'Rota-2 Outcome Template', 1) ON CONFLICT (template_id) DO NOTHING;
INSERT INTO dinc_metadata.outcome_template (template_id, activity_id, activity_code, activity_name, template_name, display_order) VALUES ('2691cfa7-2998-5a39-ac89-02d78bbf418f', '78174f29-a6e7-5047-a3d7-a91cc9c91ed4', 'ACT-070', 'DTwP/DTaP-3', 'DTwP/DTaP-3 Outcome Template', 1) ON CONFLICT (template_id) DO NOTHING;
INSERT INTO dinc_metadata.outcome_template (template_id, activity_id, activity_code, activity_name, template_name, display_order) VALUES ('063f2972-33d4-5641-90ea-22376db447c7', 'ce565087-92a3-5c3d-895b-e0c451cbe868', 'ACT-071', 'Hib-3', 'Hib-3 Outcome Template', 1) ON CONFLICT (template_id) DO NOTHING;
INSERT INTO dinc_metadata.outcome_template (template_id, activity_id, activity_code, activity_name, template_name, display_order) VALUES ('26207de3-4ebf-5165-881f-add76142dfd7', '9a669713-8d09-5790-94e3-a599bfdf2600', 'ACT-072', 'IPV-3', 'IPV-3 Outcome Template', 1) ON CONFLICT (template_id) DO NOTHING;
INSERT INTO dinc_metadata.outcome_template (template_id, activity_id, activity_code, activity_name, template_name, display_order) VALUES ('9c528f89-815f-5b3e-b281-27776b8d176d', '74e78e83-8f3f-5ba9-88e9-f8394b31cf81', 'ACT-073', 'Hep B', 'Hep B Outcome Template (ACT-073)', 1) ON CONFLICT (template_id) DO NOTHING;
INSERT INTO dinc_metadata.outcome_template (template_id, activity_id, activity_code, activity_name, template_name, display_order) VALUES ('25a99e1a-16f1-5ea5-97a7-8f39054b0ba1', 'ff6ec30e-b8f2-5dab-a28a-d30836733815', 'ACT-074', 'PCV10/13-3', 'PCV10/13-3 Outcome Template', 1) ON CONFLICT (template_id) DO NOTHING;
INSERT INTO dinc_metadata.outcome_template (template_id, activity_id, activity_code, activity_name, template_name, display_order) VALUES ('b50caf0c-b241-5854-ab3d-524e319027f3', 'a1c1b619-1f9a-5cc4-81ee-56e7c255db36', 'ACT-075', 'Rota-3', 'Rota-3 Outcome Template', 1) ON CONFLICT (template_id) DO NOTHING;
INSERT INTO dinc_metadata.outcome_template (template_id, activity_id, activity_code, activity_name, template_name, display_order) VALUES ('ab6024e3-4aee-5cb0-9362-3295c27e2a55', 'd3ebc010-4b64-5688-bb58-fa6395ff1e4e', 'ACT-076', 'Hep B', 'Hep B Outcome Template (ACT-076)', 1) ON CONFLICT (template_id) DO NOTHING;
INSERT INTO dinc_metadata.outcome_template (template_id, activity_id, activity_code, activity_name, template_name, display_order) VALUES ('edc980ec-b1ec-5a83-b554-9a3d9d6ddfcd', '5c39d397-b5f7-508c-9830-4af74c623605', 'ACT-077', 'OPV-1', 'OPV-1 Outcome Template', 1) ON CONFLICT (template_id) DO NOTHING;
INSERT INTO dinc_metadata.outcome_template (template_id, activity_id, activity_code, activity_name, template_name, display_order) VALUES ('6a0f2410-ced7-5095-936c-3103801fec7f', 'd00ced79-2ce6-588b-a6ed-8395b58931d2', 'ACT-078', 'IIV-1', 'IIV-1 Outcome Template', 1) ON CONFLICT (template_id) DO NOTHING;
INSERT INTO dinc_metadata.outcome_template (template_id, activity_id, activity_code, activity_name, template_name, display_order) VALUES ('6c257330-6e68-5a04-89fd-ee4e98ecbf2d', 'a6d760e5-b9ff-53ee-8076-f40127971432', 'ACT-079', 'IIV-2', 'IIV-2 Outcome Template', 1) ON CONFLICT (template_id) DO NOTHING;
INSERT INTO dinc_metadata.outcome_template (template_id, activity_id, activity_code, activity_name, template_name, display_order) VALUES ('0dd89617-4278-5ec0-816e-e2ef114f9fa8', '300dbce0-9a17-517d-b20a-b538d5faf35c', 'ACT-080', 'OPV-2', 'OPV-2 Outcome Template', 1) ON CONFLICT (template_id) DO NOTHING;
INSERT INTO dinc_metadata.outcome_template (template_id, activity_id, activity_code, activity_name, template_name, display_order) VALUES ('7e7218c3-f7e0-56eb-93e5-c61d0623a9ce', '8cfebdb7-a11a-5775-a4f7-d1f0ad1ce49e', 'ACT-081', 'MMR-1/MR', 'MMR-1/MR Outcome Template', 1) ON CONFLICT (template_id) DO NOTHING;
INSERT INTO dinc_metadata.outcome_template (template_id, activity_id, activity_code, activity_name, template_name, display_order) VALUES ('db3c3d69-3818-5f17-b00f-ad8df356d4d7', '6d5246bf-eb05-539f-95e7-6b9533f2e5bd', 'ACT-082', 'Meningococcal conjugate vaccine-1', 'Meningococcal conjugate vaccine-1 Outcome Template', 1) ON CONFLICT (template_id) DO NOTHING;
INSERT INTO dinc_metadata.outcome_template (template_id, activity_id, activity_code, activity_name, template_name, display_order) VALUES ('2bda72ed-d379-5805-a455-9400b21a3ea8', '172883d3-7ce2-5408-88c4-a1cd26a7a962', 'ACT-083', 'Typhoid conjugate vaccine-1', 'Typhoid conjugate vaccine-1 Outcome Template', 1) ON CONFLICT (template_id) DO NOTHING;
INSERT INTO dinc_metadata.outcome_template (template_id, activity_id, activity_code, activity_name, template_name, display_order) VALUES ('f4ca99cc-17da-5352-b988-ea377a4d1b35', '18901403-e05c-5ae2-9209-008313b81fa6', 'ACT-084', 'Hepatitis A (killed or live)', 'Hepatitis A Outcome Template (ACT-084)', 1) ON CONFLICT (template_id) DO NOTHING;
INSERT INTO dinc_metadata.outcome_template (template_id, activity_id, activity_code, activity_name, template_name, display_order) VALUES ('4c380674-51a9-5ba6-a287-33e51a0b1c41', 'e93618e0-a650-509b-a88b-8fc64dbe59e5', 'ACT-085', 'JE-1', 'JE-1 Outcome Template', 1) ON CONFLICT (template_id) DO NOTHING;
INSERT INTO dinc_metadata.outcome_template (template_id, activity_id, activity_code, activity_name, template_name, display_order) VALUES ('59f7ba96-e064-5ebb-be69-61d15d5bd4ea', '42f566ad-2600-5f6c-a70e-7fe0d9bdff17', 'ACT-086', 'Cholera vaccine', 'Cholera vaccine Outcome Template', 1) ON CONFLICT (template_id) DO NOTHING;
INSERT INTO dinc_metadata.outcome_template (template_id, activity_id, activity_code, activity_name, template_name, display_order) VALUES ('96408fbe-7694-5b02-8607-dcb8e474afca', '069c1089-9acf-52f3-aec3-fcef0d5c65bb', 'ACT-087', 'JE-2', 'JE-2 Outcome Template', 1) ON CONFLICT (template_id) DO NOTHING;
INSERT INTO dinc_metadata.outcome_template (template_id, activity_id, activity_code, activity_name, template_name, display_order) VALUES ('f480b0d9-de9a-5c4c-a4d1-1ebc21a8bc86', '229d1e1d-2ea5-5f79-a24c-078010b9960a', 'ACT-088', 'MMR-2', 'MMR-2 Outcome Template', 1) ON CONFLICT (template_id) DO NOTHING;
INSERT INTO dinc_metadata.outcome_template (template_id, activity_id, activity_code, activity_name, template_name, display_order) VALUES ('b49f63a5-5109-51ce-9da1-b2bd3212c566', '6031645e-23e4-5fe6-91f8-999fe6098a06', 'ACT-089', 'Varicella-1', 'Varicella-1 Outcome Template', 1) ON CONFLICT (template_id) DO NOTHING;
INSERT INTO dinc_metadata.outcome_template (template_id, activity_id, activity_code, activity_name, template_name, display_order) VALUES ('30ebc6f4-4999-5264-a4f1-72c2649becb7', 'dfb43c49-a9d2-57c0-bd1a-80ea3ef1cef2', 'ACT-090', 'PCV-booster', 'PCV-booster Outcome Template', 1) ON CONFLICT (template_id) DO NOTHING;
INSERT INTO dinc_metadata.outcome_template (template_id, activity_id, activity_code, activity_name, template_name, display_order) VALUES ('4dd6358c-c2fc-51bd-b323-e099acafed81', '3686c70f-02e9-5455-b72d-5e54976e577b', 'ACT-091', 'DTwP/DTaP (Booster 1)', 'DTwP/DTaP Outcome Template', 1) ON CONFLICT (template_id) DO NOTHING;
INSERT INTO dinc_metadata.outcome_template (template_id, activity_id, activity_code, activity_name, template_name, display_order) VALUES ('80946ac4-fd40-5a81-90a5-3892da390c1c', 'e360e8c1-48cd-5d9d-8061-1a3c6662f651', 'ACT-092', 'IPV-Booster', 'IPV-Booster Outcome Template', 1) ON CONFLICT (template_id) DO NOTHING;
INSERT INTO dinc_metadata.outcome_template (template_id, activity_id, activity_code, activity_name, template_name, display_order) VALUES ('ea4ac3f8-1fc4-59bc-b978-a069acc9a35c', '50ce3f35-d7f9-5d9b-a833-d79ec76de162', 'ACT-093', 'Hib-Booster', 'Hib-Booster Outcome Template', 1) ON CONFLICT (template_id) DO NOTHING;
INSERT INTO dinc_metadata.outcome_template (template_id, activity_id, activity_code, activity_name, template_name, display_order) VALUES ('49e7be46-47a6-5cd5-bc07-d9fc87bdc55f', 'facb0f6a-98ce-5c92-8755-61cc290b09a3', 'ACT-094', 'Hepatitis A (killed)-2', 'Hepatitis A Outcome Template (ACT-094)', 1) ON CONFLICT (template_id) DO NOTHING;
INSERT INTO dinc_metadata.outcome_template (template_id, activity_id, activity_code, activity_name, template_name, display_order) VALUES ('46053f89-ebf0-53b5-8cd1-d3d8c009a0b7', '5d464f2b-f520-5090-8bec-11e790383f4b', 'ACT-095', 'Typhoid conjugate-2 or Typhoid polysaccharide', 'Typhoid conjugate-2 or Typhoid polysaccharide Outcome Template', 1) ON CONFLICT (template_id) DO NOTHING;
INSERT INTO dinc_metadata.outcome_template (template_id, activity_id, activity_code, activity_name, template_name, display_order) VALUES ('23b6523a-e434-528b-bdf9-cc05e287138c', '7f4182ab-bc2b-54c3-ab96-b6e1eedca6fc', 'ACT-096', 'Meningococcal-2', 'Meningococcal-2 Outcome Template', 1) ON CONFLICT (template_id) DO NOTHING;
INSERT INTO dinc_metadata.outcome_template (template_id, activity_id, activity_code, activity_name, template_name, display_order) VALUES ('0477ac0d-86c4-57fb-b624-a8f2b527f2a3', '24910a4e-6220-5b48-8b85-dcfe9ac1b013', 'ACT-097', 'DTwP/DTaP/Tdap (Booster 2)', 'DTwP/DTaP/Tdap Outcome Template', 1) ON CONFLICT (template_id) DO NOTHING;
INSERT INTO dinc_metadata.outcome_template (template_id, activity_id, activity_code, activity_name, template_name, display_order) VALUES ('1fec7f1a-7325-5cd8-8f06-75dacb043db5', 'c3333661-5909-5c61-b5b9-798ff580bc89', 'ACT-098', 'MMR-3', 'MMR-3 Outcome Template', 1) ON CONFLICT (template_id) DO NOTHING;
INSERT INTO dinc_metadata.outcome_template (template_id, activity_id, activity_code, activity_name, template_name, display_order) VALUES ('7da0c62c-4384-56bd-b1dc-4bb6c1e712a9', '54daae49-159d-5394-b6c6-60ee57f4c775', 'ACT-099', 'Varicella-2', 'Varicella-2 Outcome Template', 1) ON CONFLICT (template_id) DO NOTHING;
INSERT INTO dinc_metadata.outcome_template (template_id, activity_id, activity_code, activity_name, template_name, display_order) VALUES ('d767c554-6eaf-5790-8d4a-46358a090aa7', '137d0f52-29c5-59ab-9ccd-d4c37f757ce2', 'ACT-100', 'OPV-3', 'OPV-3 Outcome Template', 1) ON CONFLICT (template_id) DO NOTHING;
INSERT INTO dinc_metadata.outcome_template (template_id, activity_id, activity_code, activity_name, template_name, display_order) VALUES ('e757a584-1e8b-5ad2-a37a-09befbaa0b4a', '2d8b9745-f586-56c0-87e4-bc3dc08be7c4', 'ACT-101', 'HPV', 'HPV Outcome Template', 1) ON CONFLICT (template_id) DO NOTHING;
INSERT INTO dinc_metadata.outcome_template (template_id, activity_id, activity_code, activity_name, template_name, display_order) VALUES ('2a69d583-1d05-51ea-97e7-3930082dd3a7', '25a44bc7-8290-5a78-8b41-758314256474', 'ACT-102', 'Tdap/Td', 'Tdap/Td Outcome Template', 1) ON CONFLICT (template_id) DO NOTHING;
INSERT INTO dinc_metadata.outcome_template (template_id, activity_id, activity_code, activity_name, template_name, display_order) VALUES ('c23e5875-f719-521b-8c19-c727cc206c3a', '8173b07a-14d4-549b-9bd6-82ec62597fbf', 'ACT-103', 'Td/TT', 'Td/TT Outcome Template', 1) ON CONFLICT (template_id) DO NOTHING;
INSERT INTO dinc_metadata.outcome_template (template_id, activity_id, activity_code, activity_name, template_name, display_order) VALUES ('234d3180-bb31-5bf3-84aa-c8576abc19ec', '0ada045f-3fae-5e85-8b58-008d62c20223', 'ACT-104', 'Weight, height/length & MUAC measurement', 'Weight, height/length Outcome Template', 1) ON CONFLICT (template_id) DO NOTHING;
INSERT INTO dinc_metadata.outcome_template (template_id, activity_id, activity_code, activity_name, template_name, display_order) VALUES ('dd732f3f-9793-5047-bfc0-a075db69c988', '3ce4e1b9-4867-56b7-9d50-ed85d62529a9', 'ACT-105', 'Referral of SAM children with complications to NRC', 'Referral of SAM children with complications to Outcome Template', 1) ON CONFLICT (template_id) DO NOTHING;
INSERT INTO dinc_metadata.outcome_template (template_id, activity_id, activity_code, activity_name, template_name, display_order) VALUES ('3cdb8581-ed78-5f9c-bf94-0f2404737ea0', '4ebc9b07-c0fc-5d2c-ad46-d31a95281446', 'ACT-106', 'IYCF counselling to caregivers', 'IYCF counselling to caregivers Outcome Template', 1) ON CONFLICT (template_id) DO NOTHING;
INSERT INTO dinc_metadata.outcome_template (template_id, activity_id, activity_code, activity_name, template_name, display_order) VALUES ('8404a9dc-8d4d-5f4d-af56-f0c15377ab17', 'f7de236a-6d2e-5041-b663-cde51ced0cde', 'ACT-107', 'Vitamin A supplementation (9 doses, 9 months - 5 years)', 'Vitamin A supplementation (9 doses Outcome Template', 1) ON CONFLICT (template_id) DO NOTHING;
INSERT INTO dinc_metadata.outcome_template (template_id, activity_id, activity_code, activity_name, template_name, display_order) VALUES ('6fed58f8-d1bf-52e3-bec0-f85cfa11f21d', '03aa3c76-5d62-5597-a085-911b1ef81dc5', 'ACT-108', 'Deworming (Albendazole) under NDD', 'Deworming Outcome Template', 1) ON CONFLICT (template_id) DO NOTHING;
INSERT INTO dinc_metadata.outcome_template (template_id, activity_id, activity_code, activity_name, template_name, display_order) VALUES ('693b6b23-4d14-5dfa-a062-a86db546ca5a', '75307527-309d-58bc-a41d-52eba4c07b2c', 'ACT-109', 'Screening for 4Ds (Defects, Deficiencies, Diseases, Developmental delays)', 'Screening for 4Ds (Defects Outcome Template', 1) ON CONFLICT (template_id) DO NOTHING;
INSERT INTO dinc_metadata.outcome_template (template_id, activity_id, activity_code, activity_name, template_name, display_order) VALUES ('3d2bc308-c167-5f24-8653-f36d99b78d1d', '974edf26-a019-5e99-861a-f04028e9df53', 'ACT-110', 'Weekly IFA (blue) tablet supervised administration', 'Weekly IFA Outcome Template', 1) ON CONFLICT (template_id) DO NOTHING;
INSERT INTO dinc_metadata.outcome_template (template_id, activity_id, activity_code, activity_name, template_name, display_order) VALUES ('e2381387-9ad1-5474-91c9-fdba79da2212', '4d218eec-0eb5-5a30-aefc-9c83deafdafb', 'ACT-111', 'Biannual Albendazole for adolescents', 'Biannual Albendazole for adolescents Outcome Template', 1) ON CONFLICT (template_id) DO NOTHING;
INSERT INTO dinc_metadata.outcome_template (template_id, activity_id, activity_code, activity_name, template_name, display_order) VALUES ('3a9cf700-c642-5e52-8126-4140de278572', '8073163f-8d86-55a6-b4db-02a63ecd2424', 'ACT-112', 'Counselling on nutrition, menstrual hygiene, SRH & life skills', 'Counselling on nutrition, menstrual hygiene, SRH Outcome Template', 1) ON CONFLICT (template_id) DO NOTHING;
INSERT INTO dinc_metadata.outcome_template (template_id, activity_id, activity_code, activity_name, template_name, display_order) VALUES ('689ccbdf-5cbf-503b-9dc9-2e4f52782879', '4f3a17cd-0f7f-566f-9a1b-434fe015c120', 'ACT-113', 'Sanitary napkin distribution under MHS', 'Sanitary napkin distribution under MHS Outcome Template', 1) ON CONFLICT (template_id) DO NOTHING;
INSERT INTO dinc_metadata.outcome_template (template_id, activity_id, activity_code, activity_name, template_name, display_order) VALUES ('829a13eb-b41b-5d3c-ae2a-72c159864349', 'ab9d1565-22ce-5480-98ac-8bbe625dfef7', 'ACT-114', 'Anaemia screening (Hb) among adolescents', 'Anaemia screening Outcome Template', 1) ON CONFLICT (template_id) DO NOTHING;
INSERT INTO dinc_metadata.outcome_template (template_id, activity_id, activity_code, activity_name, template_name, display_order) VALUES ('662a4092-52fd-548c-9356-713be5891bd8', '62c49662-c136-5f35-92b0-931a3dc20746', 'ACT-115', 'Eligible couple survey & ELA register updation', 'Eligible couple survey Outcome Template', 1) ON CONFLICT (template_id) DO NOTHING;
INSERT INTO dinc_metadata.outcome_template (template_id, activity_id, activity_code, activity_name, template_name, display_order) VALUES ('75025d9d-4fb3-5a1c-acea-309129c3ed5a', '33eb01bd-3ae8-53c6-9d0e-8e416bf843df', 'ACT-116', 'Counselling on basket of choice (all methods)', 'Counselling on basket of choice Outcome Template', 1) ON CONFLICT (template_id) DO NOTHING;
INSERT INTO dinc_metadata.outcome_template (template_id, activity_id, activity_code, activity_name, template_name, display_order) VALUES ('ebe979fd-bfcd-5651-ac6f-773423975dd0', 'dfdd3562-e9aa-5da3-a18c-f358a43fa3d8', 'ACT-117', 'Condom & OCP (Mala-N) / Chhaya distribution', 'Condom Outcome Template', 1) ON CONFLICT (template_id) DO NOTHING;
INSERT INTO dinc_metadata.outcome_template (template_id, activity_id, activity_code, activity_name, template_name, display_order) VALUES ('e3155fc7-a5fa-5abc-8d30-b4241a438d1f', 'c0b3a02a-8ba8-5384-a175-23d09da231a7', 'ACT-118', 'Injectable contraceptive MPA (Antara) administration', 'Injectable contraceptive MPA Outcome Template', 1) ON CONFLICT (template_id) DO NOTHING;
INSERT INTO dinc_metadata.outcome_template (template_id, activity_id, activity_code, activity_name, template_name, display_order) VALUES ('aba998c0-b25b-58b7-8551-981a2a28e22f', '6bde4312-b0ca-592d-9547-77e2499b84b2', 'ACT-119', 'IUCD (Cu-375/380A) insertion', 'IUCD Outcome Template', 1) ON CONFLICT (template_id) DO NOTHING;
INSERT INTO dinc_metadata.outcome_template (template_id, activity_id, activity_code, activity_name, template_name, display_order) VALUES ('2b7dac14-17c4-5687-b57b-4b58504717c1', '0507a0cd-2bc9-5686-bd29-e3e0a0462abb', 'ACT-120', 'Emergency contraceptive pill (ECP) provision', 'Emergency contraceptive pill Outcome Template', 1) ON CONFLICT (template_id) DO NOTHING;
INSERT INTO dinc_metadata.outcome_template (template_id, activity_id, activity_code, activity_name, template_name, display_order) VALUES ('dbf6f424-5d27-5a81-8afe-be6fea79bacb', '9365cacf-abfc-5c35-9bdc-e4efaf6a2feb', 'ACT-121', 'Counselling & referral for female sterilization (minilap/lap)', 'Counselling Outcome Template (ACT-121)', 1) ON CONFLICT (template_id) DO NOTHING;
INSERT INTO dinc_metadata.outcome_template (template_id, activity_id, activity_code, activity_name, template_name, display_order) VALUES ('8df9d324-4e35-580d-97f5-a64299659582', 'f65223bb-a72f-5538-8bdd-6cdf28f15c43', 'ACT-122', 'Counselling & referral for NSV (male sterilization)', 'Counselling Outcome Template (ACT-122)', 1) ON CONFLICT (template_id) DO NOTHING;
INSERT INTO dinc_metadata.outcome_template (template_id, activity_id, activity_code, activity_name, template_name, display_order) VALUES ('c28b7aca-f2f9-58f8-b033-a9f3e4eab617', 'd4e577e6-76fd-5054-b1cd-21243685f694', 'ACT-123', 'PPIUCD insertion / referral', 'PPIUCD insertion Outcome Template', 1) ON CONFLICT (template_id) DO NOTHING;
INSERT INTO dinc_metadata.outcome_template (template_id, activity_id, activity_code, activity_name, template_name, display_order) VALUES ('e40bed60-153c-5f30-80a9-f26fa86fcd29', 'bacddaff-ee9e-5496-b79e-ea8d3aa44efd', 'ACT-124', 'PAIUCD & post-abortion contraception counselling', 'PAIUCD Outcome Template', 1) ON CONFLICT (template_id) DO NOTHING;
INSERT INTO dinc_metadata.outcome_template (template_id, activity_id, activity_code, activity_name, template_name, display_order) VALUES ('a8c66015-52cc-5a73-9a0f-189d58385e83', '22008ae4-4935-5d23-8cdf-732cc5d8c524', 'ACT-125', 'Syndromic screening & management of RTI/STI', 'Syndromic screening Outcome Template', 1) ON CONFLICT (template_id) DO NOTHING;
INSERT INTO dinc_metadata.outcome_template (template_id, activity_id, activity_code, activity_name, template_name, display_order) VALUES ('a62b9a9f-139e-538b-8d77-3700cd3e8993', 'e6978675-1c6e-51e6-8e09-6bee1f013d72', 'ACT-126', 'Safe abortion (MTP) counselling & referral', 'Safe abortion (MTP) counselling Outcome Template', 1) ON CONFLICT (template_id) DO NOTHING;
INSERT INTO dinc_metadata.outcome_template (template_id, activity_id, activity_code, activity_name, template_name, display_order) VALUES ('88e918e2-4de2-5223-916c-2dd50eb28136', '74556837-bf79-5fc8-8fd5-d145cb365d69', 'ACT-127', 'Verbal symptom screening (cough > 2 wks, fever, weight loss)', 'Verbal symptom screening (cough > 2 wks Outcome Template', 1) ON CONFLICT (template_id) DO NOTHING;
INSERT INTO dinc_metadata.outcome_template (template_id, activity_id, activity_code, activity_name, template_name, display_order) VALUES ('03658195-9025-52e5-9a0a-ff37138017e9', 'dd0e6ac3-fe98-54e6-be66-e835af834816', 'ACT-128', 'Sputum collection & transport / NAAT referral', 'Sputum collection Outcome Template', 1) ON CONFLICT (template_id) DO NOTHING;
INSERT INTO dinc_metadata.outcome_template (template_id, activity_id, activity_code, activity_name, template_name, display_order) VALUES ('10e63e6b-12e8-5364-a1b1-53101bc08524', '638f7446-fb62-52c0-8a35-a149a3d3c131', 'ACT-129', 'TB notification & Nikshay registration', 'TB notification Outcome Template', 1) ON CONFLICT (template_id) DO NOTHING;
INSERT INTO dinc_metadata.outcome_template (template_id, activity_id, activity_code, activity_name, template_name, display_order) VALUES ('52e4aeab-08d7-5a2f-b3db-8b9561e1c80c', '9d34c73f-544a-5925-a6e1-01c6327021d4', 'ACT-130', 'Treatment initiation & DOT/family support model', 'Treatment initiation Outcome Template', 1) ON CONFLICT (template_id) DO NOTHING;
INSERT INTO dinc_metadata.outcome_template (template_id, activity_id, activity_code, activity_name, template_name, display_order) VALUES ('b83d2544-2d05-5cc6-aea5-d5ddbfaaa4f1', '991321a6-1aae-5e6c-a70f-021d532a95b2', 'ACT-131', 'Adherence monitoring & follow-up sputum examination', 'Adherence monitoring Outcome Template', 1) ON CONFLICT (template_id) DO NOTHING;
INSERT INTO dinc_metadata.outcome_template (template_id, activity_id, activity_code, activity_name, template_name, display_order) VALUES ('8b1a9a75-4bf5-54f9-8228-7419ac3aeb59', 'b8a7d8d8-14c0-54ab-b95b-97d14786c65d', 'ACT-132', 'Nikshay Poshan Yojana DBT facilitation', 'Nikshay Poshan Yojana DBT facilitation Outcome Template', 1) ON CONFLICT (template_id) DO NOTHING;
INSERT INTO dinc_metadata.outcome_template (template_id, activity_id, activity_code, activity_name, template_name, display_order) VALUES ('1cfc195d-5473-5a29-b847-72dc2e88d8ad', '0eda139f-6277-5a52-836a-534c01e6630b', 'ACT-133', 'Contact tracing & TB Preventive Treatment (TPT)', 'Contact tracing Outcome Template', 1) ON CONFLICT (template_id) DO NOTHING;
INSERT INTO dinc_metadata.outcome_template (template_id, activity_id, activity_code, activity_name, template_name, display_order) VALUES ('84abf9b0-562c-5280-a64e-ed7b58089211', 'c7c906fd-939d-5179-8694-8d46bdc10488', 'ACT-134', 'Fever surveillance & RDT/slide collection', 'Fever surveillance Outcome Template', 1) ON CONFLICT (template_id) DO NOTHING;
INSERT INTO dinc_metadata.outcome_template (template_id, activity_id, activity_code, activity_name, template_name, display_order) VALUES ('9b6eaf1a-1cb2-59b0-a028-feb6fb85ff37', 'fc727351-9e02-5501-9edf-05339173a00e', 'ACT-135', 'Radical treatment of confirmed malaria within 24 hours', 'Radical treatment of confirmed malaria within 24 Outcome Template', 1) ON CONFLICT (template_id) DO NOTHING;
INSERT INTO dinc_metadata.outcome_template (template_id, activity_id, activity_code, activity_name, template_name, display_order) VALUES ('c641a951-c46b-58ad-80f5-8f2bdd826d78', '87a2f890-c2c7-53cc-ae7f-566eb690edb9', 'ACT-136', 'Source reduction, IRS support & LLIN distribution', 'Source reduction, IRS support Outcome Template', 1) ON CONFLICT (template_id) DO NOTHING;
INSERT INTO dinc_metadata.outcome_template (template_id, activity_id, activity_code, activity_name, template_name, display_order) VALUES ('d4ccb010-c04e-56db-95e4-730e6dd7239f', 'c2cf01b6-3ed2-5cd8-baf6-26d6105f8d86', 'ACT-137', 'Dengue/Chikungunya case reporting & referral', 'Dengue/Chikungunya case reporting Outcome Template', 1) ON CONFLICT (template_id) DO NOTHING;
INSERT INTO dinc_metadata.outcome_template (template_id, activity_id, activity_code, activity_name, template_name, display_order) VALUES ('93262b8c-8de6-55d3-829c-ea7c81d36356', 'f5738ae7-acea-572c-aa42-2a7b890d334b', 'ACT-138', 'Skin lesion screening & suspect referral', 'Skin lesion screening Outcome Template', 1) ON CONFLICT (template_id) DO NOTHING;
INSERT INTO dinc_metadata.outcome_template (template_id, activity_id, activity_code, activity_name, template_name, display_order) VALUES ('e7d5c9ea-7028-54a3-9a05-b478b2b1a5e8', '4f5a5129-7ea5-5095-84fb-2ddaac18c684', 'ACT-139', 'MDT administration & treatment completion support', 'MDT administration Outcome Template', 1) ON CONFLICT (template_id) DO NOTHING;
INSERT INTO dinc_metadata.outcome_template (template_id, activity_id, activity_code, activity_name, template_name, display_order) VALUES ('b5fac2fe-387a-5a7b-be2c-27a2c57f7320', '85532b71-f4c0-5cb1-ae3d-0a88604c07f4', 'ACT-140', 'Weekly S/P/L form reporting under IDSP-IHIP', 'Weekly S/P/L form reporting under IDSP-IHIP Outcome Template', 1) ON CONFLICT (template_id) DO NOTHING;
INSERT INTO dinc_metadata.outcome_template (template_id, activity_id, activity_code, activity_name, template_name, display_order) VALUES ('302dc914-4075-50a0-97a2-c8653fe750a3', '1e2ed2fe-eafd-5d7b-a0cf-46975f837c13', 'ACT-141', 'Mass Drug Administration (MDA) for lymphatic filariasis (endemic areas)', 'Mass Drug Administration Outcome Template', 1) ON CONFLICT (template_id) DO NOTHING;
INSERT INTO dinc_metadata.outcome_template (template_id, activity_id, activity_code, activity_name, template_name, display_order) VALUES ('6d346121-cce1-58b8-bd2d-fab63b1762dc', 'ed5a7b08-6bb6-5fa6-aede-22eafdbde2dc', 'ACT-142', 'Outbreak alert & early response support', 'Outbreak alert Outcome Template', 1) ON CONFLICT (template_id) DO NOTHING;
INSERT INTO dinc_metadata.outcome_template (template_id, activity_id, activity_code, activity_name, template_name, display_order) VALUES ('614b12d9-b3df-5d66-bf15-17f4db37128f', '84122195-4af2-5684-b3a8-0e072a1f35df', 'ACT-143', 'Clinical assessment & treatment of minor ailments (fever, ARI, diarrhoea, skin, aches)', 'Clinical assessment Outcome Template', 1) ON CONFLICT (template_id) DO NOTHING;
INSERT INTO dinc_metadata.outcome_template (template_id, activity_id, activity_code, activity_name, template_name, display_order) VALUES ('cad42c5b-b9dc-5c34-a015-e41c47074a06', '6cbfe702-7ddb-5aa0-a295-c38cc9098594', 'ACT-144', 'Drug dispensing from EDL (essential drug list)', 'Drug dispensing from EDL Outcome Template', 1) ON CONFLICT (template_id) DO NOTHING;
INSERT INTO dinc_metadata.outcome_template (template_id, activity_id, activity_code, activity_name, template_name, display_order) VALUES ('d4f881e2-3700-5116-8a1c-13114a3603f3', '2b12d7b5-262c-57b1-a398-b8bb3cae0345', 'ACT-145', 'Teleconsultation with MO/Specialist (eSanjeevani)', 'Teleconsultation with MO/Specialist Outcome Template', 1) ON CONFLICT (template_id) DO NOTHING;
INSERT INTO dinc_metadata.outcome_template (template_id, activity_id, activity_code, activity_name, template_name, display_order) VALUES ('f4321896-939f-5e5a-af1b-9facd7575348', '11bec766-1842-572f-a270-736bb0dfedf0', 'ACT-146', 'Point-of-care tests (Hb, blood sugar, malaria RDT, pregnancy test, urine albumin/sugar etc.)', 'Point-of-care tests (Hb Outcome Template', 1) ON CONFLICT (template_id) DO NOTHING;
INSERT INTO dinc_metadata.outcome_template (template_id, activity_id, activity_code, activity_name, template_name, display_order) VALUES ('13649549-fa9c-58c3-ac1c-ec82e481048c', '32a883cb-6dfe-5d0e-aa1a-fd726d4110e9', 'ACT-147', 'Referral of complicated cases with referral slip & tracking', 'Referral of complicated cases with referral slip Outcome Template', 1) ON CONFLICT (template_id) DO NOTHING;
INSERT INTO dinc_metadata.outcome_template (template_id, activity_id, activity_code, activity_name, template_name, display_order) VALUES ('a4f29163-006f-55b3-b8cf-c6a8e404265a', '83943066-4772-5070-a91d-9fdea563b4dc', 'ACT-148', 'Filling of Community Based Assessment Checklist (CBAC) & risk scoring', 'Filling of Community Based Assessment Checklist (CBAC) Outcome Template', 1) ON CONFLICT (template_id) DO NOTHING;
INSERT INTO dinc_metadata.outcome_template (template_id, activity_id, activity_code, activity_name, template_name, display_order) VALUES ('8627ba1d-46bf-5e18-86f4-306825f5cb18', 'a5b1cffd-979b-58b6-b20f-899b165edfd0', 'ACT-149', 'Screening for Hypertension (BP measurement)', 'Screening for Hypertension Outcome Template', 1) ON CONFLICT (template_id) DO NOTHING;
INSERT INTO dinc_metadata.outcome_template (template_id, activity_id, activity_code, activity_name, template_name, display_order) VALUES ('60913a53-bee0-5d78-8b42-12d71ad52073', 'a997f9c8-0acb-58a5-9c7f-b6de34411675', 'ACT-150', 'Screening for Diabetes (blood glucose)', 'Screening for Diabetes Outcome Template', 1) ON CONFLICT (template_id) DO NOTHING;
INSERT INTO dinc_metadata.outcome_template (template_id, activity_id, activity_code, activity_name, template_name, display_order) VALUES ('7983a91a-5bc4-58ec-a8f7-bc9c2c831bd5', '31fab164-6027-514f-8dc2-b87767f20428', 'ACT-151', 'Screening for Oral Cancer', 'Screening for Oral Cancer Outcome Template', 1) ON CONFLICT (template_id) DO NOTHING;
INSERT INTO dinc_metadata.outcome_template (template_id, activity_id, activity_code, activity_name, template_name, display_order) VALUES ('5fd3d666-a861-5195-a804-48655ecfaba3', '2da7556f-3345-5e6e-b52e-86afd53b5880', 'ACT-152', 'Screening for Breast Cancer (CBE)', 'Screening for Breast Cancer Outcome Template', 1) ON CONFLICT (template_id) DO NOTHING;
INSERT INTO dinc_metadata.outcome_template (template_id, activity_id, activity_code, activity_name, template_name, display_order) VALUES ('df823c29-50b0-51c7-b1be-97fd888aed3c', '95709953-eea0-584e-99e3-aca2bb2d99d7', 'ACT-153', 'Screening for Cervical Cancer (VIA)', 'Screening for Cervical Cancer Outcome Template', 1) ON CONFLICT (template_id) DO NOTHING;
INSERT INTO dinc_metadata.outcome_template (template_id, activity_id, activity_code, activity_name, template_name, display_order) VALUES ('65ad9f54-5756-504a-b9e0-797fcbec2f24', 'ea8dd81d-7ff3-52e4-a59c-78da1dbe975b', 'ACT-154', 'Confirmatory diagnosis by MO/teleconsultation & staging', 'Confirmatory diagnosis by MO/teleconsultation Outcome Template', 1) ON CONFLICT (template_id) DO NOTHING;
INSERT INTO dinc_metadata.outcome_template (template_id, activity_id, activity_code, activity_name, template_name, display_order) VALUES ('df7bbaef-95cc-50ef-b8f4-394a615b586e', 'dfcaf311-7eb3-500a-9307-b5085f6cb6c3', 'ACT-155', 'Treatment initiation for HTN/DM as per protocol', 'Treatment initiation for HTN/DM as per protocol Outcome Template', 1) ON CONFLICT (template_id) DO NOTHING;
INSERT INTO dinc_metadata.outcome_template (template_id, activity_id, activity_code, activity_name, template_name, display_order) VALUES ('36fd6b44-cc41-58d8-b272-dfbd6e18a169', 'f8844018-4a5c-57e7-93dc-624e72611211', 'ACT-156', 'Monthly BP/blood sugar monitoring & drug refill', 'Monthly BP/blood sugar monitoring Outcome Template', 1) ON CONFLICT (template_id) DO NOTHING;
INSERT INTO dinc_metadata.outcome_template (template_id, activity_id, activity_code, activity_name, template_name, display_order) VALUES ('d8184569-39e3-5164-8d4f-a82cf8504a8c', '33422c0d-78cb-547d-8129-084720184c68', 'ACT-157', 'Continuity of care & defaulter retrieval', 'Continuity of care Outcome Template', 1) ON CONFLICT (template_id) DO NOTHING;
INSERT INTO dinc_metadata.outcome_template (template_id, activity_id, activity_code, activity_name, template_name, display_order) VALUES ('a0e3db99-9d9c-5a5d-b491-0e7544b840ff', '113ef8f9-683f-5640-89a1-ecef15a1ce4e', 'ACT-158', 'Complication screening & referral (CVD, nephropathy, retinopathy, foot)', 'Complication screening Outcome Template', 1) ON CONFLICT (template_id) DO NOTHING;
INSERT INTO dinc_metadata.outcome_template (template_id, activity_id, activity_code, activity_name, template_name, display_order) VALUES ('e5b73fd0-98d7-53c9-8382-a597f5a7285d', 'daa0a1f4-8536-5980-8444-7214505bd8c7', 'ACT-159', 'Screening for chronic respiratory diseases / CKD', 'Screening for chronic respiratory diseases Outcome Template', 1) ON CONFLICT (template_id) DO NOTHING;
INSERT INTO dinc_metadata.outcome_template (template_id, activity_id, activity_code, activity_name, template_name, display_order) VALUES ('dc6de9ec-ea37-5d80-bf7c-9cdbd2cfc042', '61436625-fe05-5ac7-8f4d-f34dfcf5965c', 'ACT-160', 'Screening for common mental disorders (depression, anxiety) using tools', 'Screening for common mental disorders (depression Outcome Template', 1) ON CONFLICT (template_id) DO NOTHING;
INSERT INTO dinc_metadata.outcome_template (template_id, activity_id, activity_code, activity_name, template_name, display_order) VALUES ('742e50bc-34d9-5006-9efa-90c3772cef32', '39d50d64-ed1f-5966-aca2-18786b3ed573', 'ACT-161', 'Screening for severe mental disorders & substance use', 'Screening for severe mental disorders Outcome Template', 1) ON CONFLICT (template_id) DO NOTHING;
INSERT INTO dinc_metadata.outcome_template (template_id, activity_id, activity_code, activity_name, template_name, display_order) VALUES ('ac586f31-9dc4-5c17-bbb8-08bb64ec26b0', '269d5b05-de95-5c29-9c55-4e9852e73282', 'ACT-162', 'Teleconsultation / MO assessment & diagnosis', 'Teleconsultation / MO assessment Outcome Template', 1) ON CONFLICT (template_id) DO NOTHING;
INSERT INTO dinc_metadata.outcome_template (template_id, activity_id, activity_code, activity_name, template_name, display_order) VALUES ('d47a88c4-005e-56b2-9899-8488b6a7539f', 'a0dc6c3f-b481-5196-b480-6abfe2b8c8a0', 'ACT-163', 'Basic management & drug provision for common conditions', 'Basic management Outcome Template', 1) ON CONFLICT (template_id) DO NOTHING;
INSERT INTO dinc_metadata.outcome_template (template_id, activity_id, activity_code, activity_name, template_name, display_order) VALUES ('057c4e31-def7-539c-8028-5c28e4398c65', '9eff2e52-bbdd-5cfb-8d5c-56b71515ecfc', 'ACT-164', 'Referral of severe cases to DMHP/district facility', 'Referral of severe cases to DMHP/district facility Outcome Template', 1) ON CONFLICT (template_id) DO NOTHING;
INSERT INTO dinc_metadata.outcome_template (template_id, activity_id, activity_code, activity_name, template_name, display_order) VALUES ('5dec0bd5-fb7e-5543-8e5e-606073356f9e', '10f0c3b7-7b8c-52a1-8f7f-9b402f9b2832', 'ACT-165', 'Adherence follow-up & drug continuity', 'Adherence follow-up Outcome Template', 1) ON CONFLICT (template_id) DO NOTHING;
INSERT INTO dinc_metadata.outcome_template (template_id, activity_id, activity_code, activity_name, template_name, display_order) VALUES ('51b73e6e-a87d-5327-a1c8-765ff174e21a', 'aa530a56-ce58-57b3-956a-3e9d90eef059', 'ACT-166', 'Suicide-risk identification & crisis referral', 'Suicide-risk identification Outcome Template', 1) ON CONFLICT (template_id) DO NOTHING;
INSERT INTO dinc_metadata.outcome_template (template_id, activity_id, activity_code, activity_name, template_name, display_order) VALUES ('213c8610-329e-5b7b-a0af-67a71d5e05f6', 'ba19888b-09e6-59ef-bd4c-60211789dab2', 'ACT-167', 'Community awareness & stigma-reduction sessions', 'Community awareness Outcome Template', 1) ON CONFLICT (template_id) DO NOTHING;
INSERT INTO dinc_metadata.outcome_template (template_id, activity_id, activity_code, activity_name, template_name, display_order) VALUES ('ef35f8c7-8b8b-53a0-8649-9e00f6711beb', '663d316b-644e-5d27-b1b2-273eedd448a5', 'ACT-168', 'Vision screening & refractive error identification', 'Vision screening Outcome Template', 1) ON CONFLICT (template_id) DO NOTHING;
INSERT INTO dinc_metadata.outcome_template (template_id, activity_id, activity_code, activity_name, template_name, display_order) VALUES ('a1315674-12b3-5d7e-b727-23e0dc8901fa', '7808b616-e6ef-535d-a064-cceca06bef72', 'ACT-169', 'Cataract identification & referral', 'Cataract identification Outcome Template', 1) ON CONFLICT (template_id) DO NOTHING;
INSERT INTO dinc_metadata.outcome_template (template_id, activity_id, activity_code, activity_name, template_name, display_order) VALUES ('c63a5e3c-e02c-55e3-bc5a-597468b6180c', '44c9f28e-dbec-568f-9658-e2cea41592de', 'ACT-170', 'Screening for diabetic retinopathy / glaucoma (linked to NCD)', 'Screening for diabetic retinopathy / glaucoma Outcome Template', 1) ON CONFLICT (template_id) DO NOTHING;
INSERT INTO dinc_metadata.outcome_template (template_id, activity_id, activity_code, activity_name, template_name, display_order) VALUES ('46dec1a5-589d-5d0e-896c-f608c52305dc', '3b5cd523-3b0f-598c-9d9a-4b92085d04e4', 'ACT-171', 'School eye screening & childhood blindness detection', 'School eye screening Outcome Template', 1) ON CONFLICT (template_id) DO NOTHING;
INSERT INTO dinc_metadata.outcome_template (template_id, activity_id, activity_code, activity_name, template_name, display_order) VALUES ('2888a86a-ddaf-5de3-a709-0c375dcb4da0', 'ebf74928-e4ef-5b5f-9539-dd0457f241b8', 'ACT-172', 'Hearing screening & ear problem identification', 'Hearing screening Outcome Template', 1) ON CONFLICT (template_id) DO NOTHING;
INSERT INTO dinc_metadata.outcome_template (template_id, activity_id, activity_code, activity_name, template_name, display_order) VALUES ('73059866-fa32-532a-9e73-277a76e0ca5d', 'ff9dbc1c-68a2-5515-be73-fc744bdbdda0', 'ACT-173', 'Management of minor ENT ailments & wax/ASOM treatment', 'Management of minor ENT ailments Outcome Template', 1) ON CONFLICT (template_id) DO NOTHING;
INSERT INTO dinc_metadata.outcome_template (template_id, activity_id, activity_code, activity_name, template_name, display_order) VALUES ('98aa378d-83ef-5a26-87e4-4c9699d9d5ca', 'd71d59cc-f3b0-5f9d-b5c3-1b5973d5a163', 'ACT-174', 'Screening for dental caries, gum disease & oral lesions', 'Screening for dental caries, gum disease Outcome Template', 1) ON CONFLICT (template_id) DO NOTHING;
INSERT INTO dinc_metadata.outcome_template (template_id, activity_id, activity_code, activity_name, template_name, display_order) VALUES ('dc4797d1-efbe-5dc3-a319-be6b93c5789c', 'e9abe7ea-5a86-51c5-8c6c-35157e9c7561', 'ACT-175', 'Oral hygiene & tobacco-cessation counselling', 'Oral hygiene Outcome Template', 1) ON CONFLICT (template_id) DO NOTHING;
INSERT INTO dinc_metadata.outcome_template (template_id, activity_id, activity_code, activity_name, template_name, display_order) VALUES ('ce1304b2-c456-58fb-a195-33d367e84a3f', '1e12f625-d1c3-58f9-92aa-88bc83cfa5ef', 'ACT-176', 'School oral health & fluoride awareness sessions', 'School oral health Outcome Template', 1) ON CONFLICT (template_id) DO NOTHING;
INSERT INTO dinc_metadata.outcome_template (template_id, activity_id, activity_code, activity_name, template_name, display_order) VALUES ('c0b0cb36-e8f2-56f5-ba3e-ec93c8325880', 'b0bb3502-60b3-5d1b-8ee7-60d41f1ffbbc', 'ACT-177', 'Basic treatment (analgesia, first-aid) & referral of complex cases', 'Basic treatment (analgesia, first-aid) Outcome Template', 1) ON CONFLICT (template_id) DO NOTHING;
INSERT INTO dinc_metadata.outcome_template (template_id, activity_id, activity_code, activity_name, template_name, display_order) VALUES ('683da342-31c0-5437-bace-3c40a06e1aa7', '55a62d8a-bde5-5938-a49e-ac21fc25ba55', 'ACT-178', 'Screening of elderly (60+) for common geriatric conditions & frailty', 'Screening of elderly (60+) for common geriatric Outcome Template', 1) ON CONFLICT (template_id) DO NOTHING;
INSERT INTO dinc_metadata.outcome_template (template_id, activity_id, activity_code, activity_name, template_name, display_order) VALUES ('a6205820-a029-520d-ab8f-964facb71508', 'f087d849-898a-5730-969d-1c39421090a7', 'ACT-179', 'Assessment for ADL (Activities of Daily Living) & fall risk', 'Assessment for ADL (Activities of Daily Living) Outcome Template', 1) ON CONFLICT (template_id) DO NOTHING;
INSERT INTO dinc_metadata.outcome_template (template_id, activity_id, activity_code, activity_name, template_name, display_order) VALUES ('088a9bc7-39d7-55d8-8a50-dc523ed80c4b', 'b168cb1b-77ba-5859-b343-4f6412e0986a', 'ACT-180', 'Management & drug refill for chronic conditions in elderly', 'Management Outcome Template', 1) ON CONFLICT (template_id) DO NOTHING;
INSERT INTO dinc_metadata.outcome_template (template_id, activity_id, activity_code, activity_name, template_name, display_order) VALUES ('da0650b8-ed7c-5b2c-a621-f0737b688bac', '20c019c5-c0ff-58c9-9d64-aeff90397370', 'ACT-181', 'Home-based care & caregiver counselling for bed-ridden elderly', 'Home-based care Outcome Template', 1) ON CONFLICT (template_id) DO NOTHING;
INSERT INTO dinc_metadata.outcome_template (template_id, activity_id, activity_code, activity_name, template_name, display_order) VALUES ('c668f70a-49f9-5ed2-857a-3075e28a4da7', 'b45f26e4-a8e3-5a2e-be05-65b7eb8d597a', 'ACT-182', 'Physiotherapy / rehab & aids-appliances referral', 'Physiotherapy / rehab Outcome Template', 1) ON CONFLICT (template_id) DO NOTHING;
INSERT INTO dinc_metadata.outcome_template (template_id, activity_id, activity_code, activity_name, template_name, display_order) VALUES ('54644154-d633-5196-8434-8a0d7806a022', '1a7201b1-cd1b-586a-986f-c46951127af6', 'ACT-183', 'Identification of patients needing palliative care', 'Identification of patients needing palliative care Outcome Template', 1) ON CONFLICT (template_id) DO NOTHING;
INSERT INTO dinc_metadata.outcome_template (template_id, activity_id, activity_code, activity_name, template_name, display_order) VALUES ('f2788da5-a4f9-53e8-9059-b70cc079ec70', '8928653b-4389-5bbe-8fb2-d0cc47daaf1e', 'ACT-184', 'Home-based palliative & pain management support', 'Home-based palliative Outcome Template', 1) ON CONFLICT (template_id) DO NOTHING;
INSERT INTO dinc_metadata.outcome_template (template_id, activity_id, activity_code, activity_name, template_name, display_order) VALUES ('20e8094b-4ff5-5c0b-9320-9cf19c00800d', '849b706a-9e52-5404-92da-d1c4ef5b330d', 'ACT-185', 'Psychosocial support & caregiver training', 'Psychosocial support Outcome Template', 1) ON CONFLICT (template_id) DO NOTHING;
INSERT INTO dinc_metadata.outcome_template (template_id, activity_id, activity_code, activity_name, template_name, display_order) VALUES ('342637f6-b449-5ea7-9c31-b7a9d99920e8', '13183ee0-4ce4-52d6-a85e-1ffc06e33412', 'ACT-186', 'Basic emergency care, first-aid & stabilization', 'Basic emergency care, first-aid Outcome Template', 1) ON CONFLICT (template_id) DO NOTHING;
INSERT INTO dinc_metadata.outcome_template (template_id, activity_id, activity_code, activity_name, template_name, display_order) VALUES ('5750d56d-aa52-5a6d-9a7d-b2e633c6d375', '17f70ebb-f368-5e4e-8c54-8c6aecff6ff4', 'ACT-187', 'Referral & transport linkage (108/102) for emergencies', 'Referral Outcome Template', 1) ON CONFLICT (template_id) DO NOTHING;
INSERT INTO dinc_metadata.outcome_template (template_id, activity_id, activity_code, activity_name, template_name, display_order) VALUES ('7eddc45b-c321-56eb-96d6-b0b11b302699', '049d4f29-d43b-5bb8-9af2-1433ae0a3f3c', 'ACT-188', 'Snakebite / burns / poisoning first-response & referral', 'Snakebite / burns / poisoning first-response Outcome Template', 1) ON CONFLICT (template_id) DO NOTHING;
INSERT INTO dinc_metadata.outcome_template (template_id, activity_id, activity_code, activity_name, template_name, display_order) VALUES ('d48336b0-74eb-580a-9c51-94eebbadec96', 'ad34daa0-28ac-5ef8-a28e-0348f9aaba15', 'ACT-189', 'Yoga & wellness sessions at Ayushman Arogya Mandir', 'Yoga Outcome Template', 1) ON CONFLICT (template_id) DO NOTHING;
INSERT INTO dinc_metadata.outcome_template (template_id, activity_id, activity_code, activity_name, template_name, display_order) VALUES ('b708911f-29a3-5227-a101-365ca48b9eaa', 'b25d79e1-2b46-548b-9577-fb8bb28d56a9', 'ACT-190', 'Community mobilization & health awareness (IEC/BCC)', 'Community mobilization Outcome Template', 1) ON CONFLICT (template_id) DO NOTHING;
INSERT INTO dinc_metadata.outcome_template (template_id, activity_id, activity_code, activity_name, template_name, display_order) VALUES ('d2318525-288a-5da0-8d70-56b9a1031cbd', '138a3942-9e66-5365-a6f6-230570a3a25e', 'ACT-191', 'Eat-Right, Fit-India & tobacco/alcohol-cessation drives', 'Eat-Right, Fit-India Outcome Template', 1) ON CONFLICT (template_id) DO NOTHING;
INSERT INTO dinc_metadata.outcome_template (template_id, activity_id, activity_code, activity_name, template_name, display_order) VALUES ('cd23d3da-ca41-5645-974b-e981fe7e5409', '65cd8e4b-9133-5d59-a33a-858f7b3bd5fe', 'ACT-192', 'Conduct of Village Health, Sanitation & Nutrition Day', 'Conduct of Village Health, Sanitation Outcome Template', 1) ON CONFLICT (template_id) DO NOTHING;
INSERT INTO dinc_metadata.outcome_template (template_id, activity_id, activity_code, activity_name, template_name, display_order) VALUES ('4fd50522-2534-50ef-82d5-8fc4948b62e9', '703a9a50-703a-54d6-bbf6-3a1ea505b47e', 'ACT-193', 'Water, sanitation & hygiene (WASH) promotion', 'Water, sanitation Outcome Template', 1) ON CONFLICT (template_id) DO NOTHING;

-- ---- outcome_template_field (193 rows, from worksheet 'Outcome_Template_Field') ----
INSERT INTO dinc_metadata.outcome_template_field (field_id, template_id, field_name, field_label, field_type, required, display_order, default_value, workflow_action) VALUES ('f12a7b48-d659-5a4a-a91d-77a99568ad82', 'a09b29dc-2197-5904-bb82-4ec0a70dd579', 'activity_completed', 'Has this activity been completed?', 'BOOLEAN', TRUE, 1, NULL, 'COMPLETE_ACTIVITY') ON CONFLICT (field_id) DO NOTHING;
INSERT INTO dinc_metadata.outcome_template_field (field_id, template_id, field_name, field_label, field_type, required, display_order, default_value, workflow_action) VALUES ('cfdeea87-a62f-57e7-99c8-ff62ef13583c', '5d125374-93d5-50fe-a249-4d36a8faa140', 'activity_completed', 'Has this activity been completed?', 'BOOLEAN', TRUE, 1, NULL, 'COMPLETE_ACTIVITY') ON CONFLICT (field_id) DO NOTHING;
INSERT INTO dinc_metadata.outcome_template_field (field_id, template_id, field_name, field_label, field_type, required, display_order, default_value, workflow_action) VALUES ('32e8935b-9cfa-58d2-9093-ed6988d9ccf3', '06d62999-a64c-59b1-9837-d5e1251de4c8', 'activity_completed', 'Has this activity been completed?', 'BOOLEAN', TRUE, 1, NULL, 'COMPLETE_ACTIVITY') ON CONFLICT (field_id) DO NOTHING;
INSERT INTO dinc_metadata.outcome_template_field (field_id, template_id, field_name, field_label, field_type, required, display_order, default_value, workflow_action) VALUES ('79974d6b-da1b-5551-a6db-297b7d44248e', 'e5006f3c-7c17-5130-99d6-42e501028b00', 'activity_completed', 'Has this activity been completed?', 'BOOLEAN', TRUE, 1, NULL, 'COMPLETE_ACTIVITY') ON CONFLICT (field_id) DO NOTHING;
INSERT INTO dinc_metadata.outcome_template_field (field_id, template_id, field_name, field_label, field_type, required, display_order, default_value, workflow_action) VALUES ('ea87219b-b47e-52cc-a140-248dc357ab4a', 'df8f5770-cefe-5bcd-8414-4e3ef8f89e16', 'activity_completed', 'Has this activity been completed?', 'BOOLEAN', TRUE, 1, NULL, 'COMPLETE_ACTIVITY') ON CONFLICT (field_id) DO NOTHING;
INSERT INTO dinc_metadata.outcome_template_field (field_id, template_id, field_name, field_label, field_type, required, display_order, default_value, workflow_action) VALUES ('2870a319-d132-5e58-bca4-7230ab9f7451', '66f4f0c1-1035-5638-b48f-51aa349b5a51', 'activity_completed', 'Has this activity been completed?', 'BOOLEAN', TRUE, 1, NULL, 'COMPLETE_ACTIVITY') ON CONFLICT (field_id) DO NOTHING;
INSERT INTO dinc_metadata.outcome_template_field (field_id, template_id, field_name, field_label, field_type, required, display_order, default_value, workflow_action) VALUES ('7bf21c4f-443a-54a3-8d19-05ef9b766d45', '25a97f68-66a8-5718-b517-2df53b0eeff1', 'activity_completed', 'Has this activity been completed?', 'BOOLEAN', TRUE, 1, NULL, 'COMPLETE_ACTIVITY') ON CONFLICT (field_id) DO NOTHING;
INSERT INTO dinc_metadata.outcome_template_field (field_id, template_id, field_name, field_label, field_type, required, display_order, default_value, workflow_action) VALUES ('8bd3389a-ed70-51f4-b126-01f39664fcd7', '25da5d18-526c-5e33-ad1d-bb198d7abde8', 'activity_completed', 'Has this activity been completed?', 'BOOLEAN', TRUE, 1, NULL, 'COMPLETE_ACTIVITY') ON CONFLICT (field_id) DO NOTHING;
INSERT INTO dinc_metadata.outcome_template_field (field_id, template_id, field_name, field_label, field_type, required, display_order, default_value, workflow_action) VALUES ('ea1ca714-1332-5b81-9bef-7884401805d6', '5ca5d71c-0b48-57b8-ae39-1688a3cceb2f', 'activity_completed', 'Has this activity been completed?', 'BOOLEAN', TRUE, 1, NULL, 'COMPLETE_ACTIVITY') ON CONFLICT (field_id) DO NOTHING;
INSERT INTO dinc_metadata.outcome_template_field (field_id, template_id, field_name, field_label, field_type, required, display_order, default_value, workflow_action) VALUES ('bef2e1cf-fd0e-5d91-86ac-f9b57c934dd0', 'beb0c10b-d7c2-5d49-99c6-307ceeaf0df9', 'activity_completed', 'Has this activity been completed?', 'BOOLEAN', TRUE, 1, NULL, 'COMPLETE_ACTIVITY') ON CONFLICT (field_id) DO NOTHING;
INSERT INTO dinc_metadata.outcome_template_field (field_id, template_id, field_name, field_label, field_type, required, display_order, default_value, workflow_action) VALUES ('e23aafd6-c0ec-5e50-b6a7-2e9fef0ca617', '026dcbb5-232f-50c2-a58c-49b9f66cbd18', 'activity_completed', 'Has this activity been completed?', 'BOOLEAN', TRUE, 1, NULL, 'COMPLETE_ACTIVITY') ON CONFLICT (field_id) DO NOTHING;
INSERT INTO dinc_metadata.outcome_template_field (field_id, template_id, field_name, field_label, field_type, required, display_order, default_value, workflow_action) VALUES ('30b20003-1b2d-5d25-a947-f7c952ed12e5', '84e137a0-8e54-536d-87ee-4fb8734d77d0', 'activity_completed', 'Has this activity been completed?', 'BOOLEAN', TRUE, 1, NULL, 'COMPLETE_ACTIVITY') ON CONFLICT (field_id) DO NOTHING;
INSERT INTO dinc_metadata.outcome_template_field (field_id, template_id, field_name, field_label, field_type, required, display_order, default_value, workflow_action) VALUES ('2e51ec6a-dd5c-509e-ab9d-ae5274772cae', 'd47bc6a2-5a2e-5c46-bf05-bd17c68f6dc8', 'activity_completed', 'Has this activity been completed?', 'BOOLEAN', TRUE, 1, NULL, 'COMPLETE_ACTIVITY') ON CONFLICT (field_id) DO NOTHING;
INSERT INTO dinc_metadata.outcome_template_field (field_id, template_id, field_name, field_label, field_type, required, display_order, default_value, workflow_action) VALUES ('df3ff570-c4a5-549f-84df-87bc08a00ad7', 'af7d7854-3e38-57da-b4c2-39d3fd98c7a4', 'activity_completed', 'Has this activity been completed?', 'BOOLEAN', TRUE, 1, NULL, 'COMPLETE_ACTIVITY') ON CONFLICT (field_id) DO NOTHING;
INSERT INTO dinc_metadata.outcome_template_field (field_id, template_id, field_name, field_label, field_type, required, display_order, default_value, workflow_action) VALUES ('9669b016-fbff-57e4-82d1-72b75148af1c', 'febe324a-5b98-55ea-af00-7c4079f754ac', 'activity_completed', 'Has this activity been completed?', 'BOOLEAN', TRUE, 1, NULL, 'COMPLETE_ACTIVITY') ON CONFLICT (field_id) DO NOTHING;
INSERT INTO dinc_metadata.outcome_template_field (field_id, template_id, field_name, field_label, field_type, required, display_order, default_value, workflow_action) VALUES ('4889b93e-6ef4-598a-aaf1-2dd902c8cfd4', 'ef1df3ca-cecd-57b9-8124-6121f5998b7a', 'activity_completed', 'Has this activity been completed?', 'BOOLEAN', TRUE, 1, NULL, 'COMPLETE_ACTIVITY') ON CONFLICT (field_id) DO NOTHING;
INSERT INTO dinc_metadata.outcome_template_field (field_id, template_id, field_name, field_label, field_type, required, display_order, default_value, workflow_action) VALUES ('fda70faf-95a4-59c6-8c15-7c40d442ea06', '71294cf8-79b0-548b-a237-07929ee74e9d', 'activity_completed', 'Has this activity been completed?', 'BOOLEAN', TRUE, 1, NULL, 'COMPLETE_ACTIVITY') ON CONFLICT (field_id) DO NOTHING;
INSERT INTO dinc_metadata.outcome_template_field (field_id, template_id, field_name, field_label, field_type, required, display_order, default_value, workflow_action) VALUES ('846edf0a-817b-50a9-84b6-238278b517db', '0c8971a5-d0b5-59d9-a7c4-6fe5f682dfee', 'activity_completed', 'Has this activity been completed?', 'BOOLEAN', TRUE, 1, NULL, 'COMPLETE_ACTIVITY') ON CONFLICT (field_id) DO NOTHING;
INSERT INTO dinc_metadata.outcome_template_field (field_id, template_id, field_name, field_label, field_type, required, display_order, default_value, workflow_action) VALUES ('0d05dfbb-5f9a-52f4-95ae-18b1e4f273c9', 'f509b855-0579-5d11-b209-a297c65b7474', 'activity_completed', 'Has this activity been completed?', 'BOOLEAN', TRUE, 1, NULL, 'COMPLETE_ACTIVITY') ON CONFLICT (field_id) DO NOTHING;
INSERT INTO dinc_metadata.outcome_template_field (field_id, template_id, field_name, field_label, field_type, required, display_order, default_value, workflow_action) VALUES ('ae692326-52c3-5812-8b80-8428a73b8910', '9902f791-0d37-57aa-92fa-f440b9acbffc', 'activity_completed', 'Has this activity been completed?', 'BOOLEAN', TRUE, 1, NULL, 'COMPLETE_ACTIVITY') ON CONFLICT (field_id) DO NOTHING;
INSERT INTO dinc_metadata.outcome_template_field (field_id, template_id, field_name, field_label, field_type, required, display_order, default_value, workflow_action) VALUES ('659654b1-0ef0-5753-842b-b93075943adb', '7d41f66e-1537-5777-91e4-eb0aabbfb2d7', 'activity_completed', 'Has this activity been completed?', 'BOOLEAN', TRUE, 1, NULL, 'COMPLETE_ACTIVITY') ON CONFLICT (field_id) DO NOTHING;
INSERT INTO dinc_metadata.outcome_template_field (field_id, template_id, field_name, field_label, field_type, required, display_order, default_value, workflow_action) VALUES ('f59ef432-5286-58de-bfc2-472ab3c616cf', '01e26713-cd3c-54a5-b298-b3b7658a88b8', 'activity_completed', 'Has this activity been completed?', 'BOOLEAN', TRUE, 1, NULL, 'COMPLETE_ACTIVITY') ON CONFLICT (field_id) DO NOTHING;
INSERT INTO dinc_metadata.outcome_template_field (field_id, template_id, field_name, field_label, field_type, required, display_order, default_value, workflow_action) VALUES ('92fad907-6f5e-5aed-94dc-4e5376d9a9f1', '9a5a6d66-ab92-5adc-91f3-133ef0c5ed2d', 'activity_completed', 'Has this activity been completed?', 'BOOLEAN', TRUE, 1, NULL, 'COMPLETE_ACTIVITY') ON CONFLICT (field_id) DO NOTHING;
INSERT INTO dinc_metadata.outcome_template_field (field_id, template_id, field_name, field_label, field_type, required, display_order, default_value, workflow_action) VALUES ('fb58afff-a943-5e07-8ff2-46ef19f883ad', 'baaa5311-3b93-58af-80eb-e69ef835b25a', 'activity_completed', 'Has this activity been completed?', 'BOOLEAN', TRUE, 1, NULL, 'COMPLETE_ACTIVITY') ON CONFLICT (field_id) DO NOTHING;
INSERT INTO dinc_metadata.outcome_template_field (field_id, template_id, field_name, field_label, field_type, required, display_order, default_value, workflow_action) VALUES ('a6d43e8f-6a4b-5cc6-80e5-26ac9f98dee3', 'd45ee5ea-f9b2-5b6f-9fec-f048ca3648b8', 'activity_completed', 'Has this activity been completed?', 'BOOLEAN', TRUE, 1, NULL, 'COMPLETE_ACTIVITY') ON CONFLICT (field_id) DO NOTHING;
INSERT INTO dinc_metadata.outcome_template_field (field_id, template_id, field_name, field_label, field_type, required, display_order, default_value, workflow_action) VALUES ('d4d3a55b-2279-550c-8fe8-55029540098c', 'bf253824-876c-5dd8-bf17-232b8ad7654f', 'activity_completed', 'Has this activity been completed?', 'BOOLEAN', TRUE, 1, NULL, 'COMPLETE_ACTIVITY') ON CONFLICT (field_id) DO NOTHING;
INSERT INTO dinc_metadata.outcome_template_field (field_id, template_id, field_name, field_label, field_type, required, display_order, default_value, workflow_action) VALUES ('9b85f9d1-1164-5e30-b549-190ff1128808', 'f01c957c-d771-5211-a4f1-c26c1370e55f', 'activity_completed', 'Has this activity been completed?', 'BOOLEAN', TRUE, 1, NULL, 'COMPLETE_ACTIVITY') ON CONFLICT (field_id) DO NOTHING;
INSERT INTO dinc_metadata.outcome_template_field (field_id, template_id, field_name, field_label, field_type, required, display_order, default_value, workflow_action) VALUES ('f26622e6-1e77-5844-af93-e40057db249b', '39b72742-d188-5edb-b434-e257cf3e7f1d', 'activity_completed', 'Has this activity been completed?', 'BOOLEAN', TRUE, 1, NULL, 'COMPLETE_ACTIVITY') ON CONFLICT (field_id) DO NOTHING;
INSERT INTO dinc_metadata.outcome_template_field (field_id, template_id, field_name, field_label, field_type, required, display_order, default_value, workflow_action) VALUES ('0d7a0e6b-e47e-5f31-8b88-223a1d9c35cd', 'e1a24bf3-32f3-585d-9b5f-a61ccdc60c6a', 'activity_completed', 'Has this activity been completed?', 'BOOLEAN', TRUE, 1, NULL, 'COMPLETE_ACTIVITY') ON CONFLICT (field_id) DO NOTHING;
INSERT INTO dinc_metadata.outcome_template_field (field_id, template_id, field_name, field_label, field_type, required, display_order, default_value, workflow_action) VALUES ('23b1910c-cc01-584a-9995-20d36badbaa5', '6822c9b6-b348-57cc-b525-f11fd8d2701b', 'activity_completed', 'Has this activity been completed?', 'BOOLEAN', TRUE, 1, NULL, 'COMPLETE_ACTIVITY') ON CONFLICT (field_id) DO NOTHING;
INSERT INTO dinc_metadata.outcome_template_field (field_id, template_id, field_name, field_label, field_type, required, display_order, default_value, workflow_action) VALUES ('9879c778-352a-53d3-8436-8489c2190cac', '729d08e9-18aa-5940-84d2-0ee69928869a', 'activity_completed', 'Has this activity been completed?', 'BOOLEAN', TRUE, 1, NULL, 'COMPLETE_ACTIVITY') ON CONFLICT (field_id) DO NOTHING;
INSERT INTO dinc_metadata.outcome_template_field (field_id, template_id, field_name, field_label, field_type, required, display_order, default_value, workflow_action) VALUES ('7d2330d4-e2c1-5636-9b4a-8820cc0bebd6', '4bd223ef-1b9e-5069-9c78-7b136ab5867d', 'activity_completed', 'Has this activity been completed?', 'BOOLEAN', TRUE, 1, NULL, 'COMPLETE_ACTIVITY') ON CONFLICT (field_id) DO NOTHING;
INSERT INTO dinc_metadata.outcome_template_field (field_id, template_id, field_name, field_label, field_type, required, display_order, default_value, workflow_action) VALUES ('effe258a-dcd9-58b2-b9a1-bba2413a884c', '01cb1af1-0edb-5b66-9d51-4a0033d53321', 'activity_completed', 'Has this activity been completed?', 'BOOLEAN', TRUE, 1, NULL, 'COMPLETE_ACTIVITY') ON CONFLICT (field_id) DO NOTHING;
INSERT INTO dinc_metadata.outcome_template_field (field_id, template_id, field_name, field_label, field_type, required, display_order, default_value, workflow_action) VALUES ('af629e14-7c1f-5976-8037-9fad3c35a2bb', '026171d8-97f8-5098-a441-62801ed0e68d', 'activity_completed', 'Has this activity been completed?', 'BOOLEAN', TRUE, 1, NULL, 'COMPLETE_ACTIVITY') ON CONFLICT (field_id) DO NOTHING;
INSERT INTO dinc_metadata.outcome_template_field (field_id, template_id, field_name, field_label, field_type, required, display_order, default_value, workflow_action) VALUES ('01817b16-d2bb-53e1-bbc8-6d7410ab04d2', 'a2154fdd-2d3f-5655-a547-80b90d403f54', 'activity_completed', 'Has this activity been completed?', 'BOOLEAN', TRUE, 1, NULL, 'COMPLETE_ACTIVITY') ON CONFLICT (field_id) DO NOTHING;
INSERT INTO dinc_metadata.outcome_template_field (field_id, template_id, field_name, field_label, field_type, required, display_order, default_value, workflow_action) VALUES ('3aad7b48-1378-5328-b4d1-b75a040549fe', '23448f4f-a7d5-5d85-8894-8caaaa2c9af2', 'activity_completed', 'Has this activity been completed?', 'BOOLEAN', TRUE, 1, NULL, 'COMPLETE_ACTIVITY') ON CONFLICT (field_id) DO NOTHING;
INSERT INTO dinc_metadata.outcome_template_field (field_id, template_id, field_name, field_label, field_type, required, display_order, default_value, workflow_action) VALUES ('ec475e3e-1862-5b5a-b14a-cde4c0c56c6e', 'b7ad5cae-f50f-535b-ab64-53cb3c7af192', 'activity_completed', 'Has this activity been completed?', 'BOOLEAN', TRUE, 1, NULL, 'COMPLETE_ACTIVITY') ON CONFLICT (field_id) DO NOTHING;
INSERT INTO dinc_metadata.outcome_template_field (field_id, template_id, field_name, field_label, field_type, required, display_order, default_value, workflow_action) VALUES ('4ba8b209-3fe8-5ff8-9e59-7122fc0979a2', 'a4f6c6e6-f88e-581c-809b-95f15b69ae8e', 'activity_completed', 'Has this activity been completed?', 'BOOLEAN', TRUE, 1, NULL, 'COMPLETE_ACTIVITY') ON CONFLICT (field_id) DO NOTHING;
INSERT INTO dinc_metadata.outcome_template_field (field_id, template_id, field_name, field_label, field_type, required, display_order, default_value, workflow_action) VALUES ('a3d8c4a8-ad30-5eb5-bb86-6a81d98c9b80', 'ae77c1e1-1be7-537e-b681-882ce0e605f9', 'activity_completed', 'Has this activity been completed?', 'BOOLEAN', TRUE, 1, NULL, 'COMPLETE_ACTIVITY') ON CONFLICT (field_id) DO NOTHING;
INSERT INTO dinc_metadata.outcome_template_field (field_id, template_id, field_name, field_label, field_type, required, display_order, default_value, workflow_action) VALUES ('c75970cb-1728-55f4-9471-55b0185777b6', 'f56aa8e4-699a-5a2f-983b-bc00d3e17e55', 'activity_completed', 'Has this activity been completed?', 'BOOLEAN', TRUE, 1, NULL, 'COMPLETE_ACTIVITY') ON CONFLICT (field_id) DO NOTHING;
INSERT INTO dinc_metadata.outcome_template_field (field_id, template_id, field_name, field_label, field_type, required, display_order, default_value, workflow_action) VALUES ('0431a4a0-002a-51ef-9678-4ef8018e9fdf', 'bcfcb495-7dda-54cf-a1dd-a6139426376d', 'activity_completed', 'Has this activity been completed?', 'BOOLEAN', TRUE, 1, NULL, 'COMPLETE_ACTIVITY') ON CONFLICT (field_id) DO NOTHING;
INSERT INTO dinc_metadata.outcome_template_field (field_id, template_id, field_name, field_label, field_type, required, display_order, default_value, workflow_action) VALUES ('b82b321b-e5b0-5ca8-b185-d454040d36f6', 'a6da6b16-769c-545b-aa07-13f7b3bccea3', 'activity_completed', 'Has this activity been completed?', 'BOOLEAN', TRUE, 1, NULL, 'COMPLETE_ACTIVITY') ON CONFLICT (field_id) DO NOTHING;
INSERT INTO dinc_metadata.outcome_template_field (field_id, template_id, field_name, field_label, field_type, required, display_order, default_value, workflow_action) VALUES ('d6f9065e-4e44-5710-9e0b-3a6dd798f39d', '16f4776b-1535-5d64-8134-b591d1095f0d', 'activity_completed', 'Has this activity been completed?', 'BOOLEAN', TRUE, 1, NULL, 'COMPLETE_ACTIVITY') ON CONFLICT (field_id) DO NOTHING;
INSERT INTO dinc_metadata.outcome_template_field (field_id, template_id, field_name, field_label, field_type, required, display_order, default_value, workflow_action) VALUES ('8f7dad93-54b8-56ed-b3e2-6e04adf51b05', 'b3f9fc9b-5fb6-5df3-a5f1-4ae468c0d881', 'activity_completed', 'Has this activity been completed?', 'BOOLEAN', TRUE, 1, NULL, 'COMPLETE_ACTIVITY') ON CONFLICT (field_id) DO NOTHING;
INSERT INTO dinc_metadata.outcome_template_field (field_id, template_id, field_name, field_label, field_type, required, display_order, default_value, workflow_action) VALUES ('a7fd699f-5947-5ff5-951b-395293768546', '72deb81d-b4b5-5302-a708-f1db10b89554', 'activity_completed', 'Has this activity been completed?', 'BOOLEAN', TRUE, 1, NULL, 'COMPLETE_ACTIVITY') ON CONFLICT (field_id) DO NOTHING;
INSERT INTO dinc_metadata.outcome_template_field (field_id, template_id, field_name, field_label, field_type, required, display_order, default_value, workflow_action) VALUES ('14669e87-5a19-51e8-8ac1-5913c0ad90b1', '84d7e313-300b-5f45-91a2-a832f1207b8e', 'activity_completed', 'Has this activity been completed?', 'BOOLEAN', TRUE, 1, NULL, 'COMPLETE_ACTIVITY') ON CONFLICT (field_id) DO NOTHING;
INSERT INTO dinc_metadata.outcome_template_field (field_id, template_id, field_name, field_label, field_type, required, display_order, default_value, workflow_action) VALUES ('bac98143-29fb-508b-b622-77e5d87c7a19', '9605fcb7-1922-5235-b7f8-89eb160842e8', 'activity_completed', 'Has this activity been completed?', 'BOOLEAN', TRUE, 1, NULL, 'COMPLETE_ACTIVITY') ON CONFLICT (field_id) DO NOTHING;
INSERT INTO dinc_metadata.outcome_template_field (field_id, template_id, field_name, field_label, field_type, required, display_order, default_value, workflow_action) VALUES ('5b46ba62-1b11-50da-8b31-6f2ad3644a47', 'b291fc0d-211a-59bf-8f15-0fb2bee290b5', 'activity_completed', 'Has this activity been completed?', 'BOOLEAN', TRUE, 1, NULL, 'COMPLETE_ACTIVITY') ON CONFLICT (field_id) DO NOTHING;
INSERT INTO dinc_metadata.outcome_template_field (field_id, template_id, field_name, field_label, field_type, required, display_order, default_value, workflow_action) VALUES ('7ef09495-8563-59b1-bd25-3793ef3eefef', '311205e9-c4d7-57f1-b75d-05ce9a17a623', 'activity_completed', 'Has this activity been completed?', 'BOOLEAN', TRUE, 1, NULL, 'COMPLETE_ACTIVITY') ON CONFLICT (field_id) DO NOTHING;
INSERT INTO dinc_metadata.outcome_template_field (field_id, template_id, field_name, field_label, field_type, required, display_order, default_value, workflow_action) VALUES ('9caa2633-c848-52a8-a263-83d2faea131e', 'fc36ed09-1a36-50d3-950e-bb0786f49e08', 'activity_completed', 'Has this activity been completed?', 'BOOLEAN', TRUE, 1, NULL, 'COMPLETE_ACTIVITY') ON CONFLICT (field_id) DO NOTHING;
INSERT INTO dinc_metadata.outcome_template_field (field_id, template_id, field_name, field_label, field_type, required, display_order, default_value, workflow_action) VALUES ('5a9d5391-5a20-5f5c-a130-d8e2f8eca377', '67c4529e-ac73-5024-9ab3-4f85f217edea', 'activity_completed', 'Has this activity been completed?', 'BOOLEAN', TRUE, 1, NULL, 'COMPLETE_ACTIVITY') ON CONFLICT (field_id) DO NOTHING;
INSERT INTO dinc_metadata.outcome_template_field (field_id, template_id, field_name, field_label, field_type, required, display_order, default_value, workflow_action) VALUES ('018e2c56-2574-59f9-9d99-303ae08b56b0', '157f84ed-c1ad-5834-be2e-acc5bac7a6d9', 'activity_completed', 'Has this activity been completed?', 'BOOLEAN', TRUE, 1, NULL, 'COMPLETE_ACTIVITY') ON CONFLICT (field_id) DO NOTHING;
INSERT INTO dinc_metadata.outcome_template_field (field_id, template_id, field_name, field_label, field_type, required, display_order, default_value, workflow_action) VALUES ('c043c217-3d95-5650-af0f-a309e0e3f72a', '8deddaab-9a30-5f46-a483-5473a7679dbe', 'activity_completed', 'Has this activity been completed?', 'BOOLEAN', TRUE, 1, NULL, 'COMPLETE_ACTIVITY') ON CONFLICT (field_id) DO NOTHING;
INSERT INTO dinc_metadata.outcome_template_field (field_id, template_id, field_name, field_label, field_type, required, display_order, default_value, workflow_action) VALUES ('418b0edd-520d-5fdf-a778-5aeb20f4b5e0', '14308ca7-3416-524d-ab82-575b9c2da181', 'activity_completed', 'Has this activity been completed?', 'BOOLEAN', TRUE, 1, NULL, 'COMPLETE_ACTIVITY') ON CONFLICT (field_id) DO NOTHING;
INSERT INTO dinc_metadata.outcome_template_field (field_id, template_id, field_name, field_label, field_type, required, display_order, default_value, workflow_action) VALUES ('c8323443-8c43-5121-bee6-0b19d7164143', '7312b182-280a-51f6-9405-c5500eb25f17', 'activity_completed', 'Has this activity been completed?', 'BOOLEAN', TRUE, 1, NULL, 'COMPLETE_ACTIVITY') ON CONFLICT (field_id) DO NOTHING;
INSERT INTO dinc_metadata.outcome_template_field (field_id, template_id, field_name, field_label, field_type, required, display_order, default_value, workflow_action) VALUES ('09681d0b-9375-53fb-82cd-3349552e74ca', 'c8b12458-85ff-5632-a05b-405f809bc61d', 'activity_completed', 'Has this activity been completed?', 'BOOLEAN', TRUE, 1, NULL, 'COMPLETE_ACTIVITY') ON CONFLICT (field_id) DO NOTHING;
INSERT INTO dinc_metadata.outcome_template_field (field_id, template_id, field_name, field_label, field_type, required, display_order, default_value, workflow_action) VALUES ('707fc44e-377b-5593-9ef8-4dc9ece59136', '980fbca9-805e-54be-91ea-7301aff48b8d', 'activity_completed', 'Has this activity been completed?', 'BOOLEAN', TRUE, 1, NULL, 'COMPLETE_ACTIVITY') ON CONFLICT (field_id) DO NOTHING;
INSERT INTO dinc_metadata.outcome_template_field (field_id, template_id, field_name, field_label, field_type, required, display_order, default_value, workflow_action) VALUES ('41a4074a-afd7-5824-bf12-41d5f9aef3f0', 'dc6f7b39-8c29-598b-afbd-4d3f28ef0bf5', 'activity_completed', 'Has this activity been completed?', 'BOOLEAN', TRUE, 1, NULL, 'COMPLETE_ACTIVITY') ON CONFLICT (field_id) DO NOTHING;
INSERT INTO dinc_metadata.outcome_template_field (field_id, template_id, field_name, field_label, field_type, required, display_order, default_value, workflow_action) VALUES ('e13eacd2-1cca-5ed5-a3bc-d51e7134ed07', 'ac658b9f-e5ce-5a66-b6c7-fc387bbc050c', 'activity_completed', 'Has this activity been completed?', 'BOOLEAN', TRUE, 1, NULL, 'COMPLETE_ACTIVITY') ON CONFLICT (field_id) DO NOTHING;
INSERT INTO dinc_metadata.outcome_template_field (field_id, template_id, field_name, field_label, field_type, required, display_order, default_value, workflow_action) VALUES ('a609b2c4-ecc9-512c-9379-85a856a5598b', '11759c5e-3dee-5b46-824b-e54e784c70b5', 'activity_completed', 'Has this activity been completed?', 'BOOLEAN', TRUE, 1, NULL, 'COMPLETE_ACTIVITY') ON CONFLICT (field_id) DO NOTHING;
INSERT INTO dinc_metadata.outcome_template_field (field_id, template_id, field_name, field_label, field_type, required, display_order, default_value, workflow_action) VALUES ('89f65153-7e45-50be-9f3e-7592afdecaad', '18380d9e-8b95-5ccf-8e32-22eea40c5f90', 'activity_completed', 'Has this activity been completed?', 'BOOLEAN', TRUE, 1, NULL, 'COMPLETE_ACTIVITY') ON CONFLICT (field_id) DO NOTHING;
INSERT INTO dinc_metadata.outcome_template_field (field_id, template_id, field_name, field_label, field_type, required, display_order, default_value, workflow_action) VALUES ('a6e9f0d8-9e0b-5679-b9da-ba19fba7575e', '0cfb9f1a-5e9d-50fa-be40-773fcbaae426', 'activity_completed', 'Has this activity been completed?', 'BOOLEAN', TRUE, 1, NULL, 'COMPLETE_ACTIVITY') ON CONFLICT (field_id) DO NOTHING;
INSERT INTO dinc_metadata.outcome_template_field (field_id, template_id, field_name, field_label, field_type, required, display_order, default_value, workflow_action) VALUES ('0908d052-4623-534d-b29a-63b93a6a0932', '44ec9d17-36ba-526d-a175-9bd773c2a3c5', 'activity_completed', 'Has this activity been completed?', 'BOOLEAN', TRUE, 1, NULL, 'COMPLETE_ACTIVITY') ON CONFLICT (field_id) DO NOTHING;
INSERT INTO dinc_metadata.outcome_template_field (field_id, template_id, field_name, field_label, field_type, required, display_order, default_value, workflow_action) VALUES ('9b6d6f91-c3d7-5c4d-bcf4-d172ea74892c', '64de7049-a21f-5bb4-926f-1ca03dad5afa', 'activity_completed', 'Has this activity been completed?', 'BOOLEAN', TRUE, 1, NULL, 'COMPLETE_ACTIVITY') ON CONFLICT (field_id) DO NOTHING;
INSERT INTO dinc_metadata.outcome_template_field (field_id, template_id, field_name, field_label, field_type, required, display_order, default_value, workflow_action) VALUES ('67f25e8f-2e40-512d-b01e-c6fca263db64', '4a532b58-6a13-59d0-a3e7-4f6d235a11f6', 'activity_completed', 'Has this activity been completed?', 'BOOLEAN', TRUE, 1, NULL, 'COMPLETE_ACTIVITY') ON CONFLICT (field_id) DO NOTHING;
INSERT INTO dinc_metadata.outcome_template_field (field_id, template_id, field_name, field_label, field_type, required, display_order, default_value, workflow_action) VALUES ('9eb47b56-3b7c-5a8f-b4fb-aae86d6df81f', '6fc552b2-fd86-57ee-ab3a-5f3e02207d69', 'activity_completed', 'Has this activity been completed?', 'BOOLEAN', TRUE, 1, NULL, 'COMPLETE_ACTIVITY') ON CONFLICT (field_id) DO NOTHING;
INSERT INTO dinc_metadata.outcome_template_field (field_id, template_id, field_name, field_label, field_type, required, display_order, default_value, workflow_action) VALUES ('2fc2e8e7-aa02-549e-bd4d-f1f3de24764b', '9ff9964b-7a90-5091-806f-0bcfec1dc2bd', 'activity_completed', 'Has this activity been completed?', 'BOOLEAN', TRUE, 1, NULL, 'COMPLETE_ACTIVITY') ON CONFLICT (field_id) DO NOTHING;
INSERT INTO dinc_metadata.outcome_template_field (field_id, template_id, field_name, field_label, field_type, required, display_order, default_value, workflow_action) VALUES ('104d00a2-39fe-5808-b52e-082a382217f7', 'cec7de4a-56c6-5987-a85a-745e15d91631', 'activity_completed', 'Has this activity been completed?', 'BOOLEAN', TRUE, 1, NULL, 'COMPLETE_ACTIVITY') ON CONFLICT (field_id) DO NOTHING;
INSERT INTO dinc_metadata.outcome_template_field (field_id, template_id, field_name, field_label, field_type, required, display_order, default_value, workflow_action) VALUES ('8a89ddad-4db6-57d3-9dba-e5a69156ccb0', 'a7add765-15f0-51dc-844a-1792ad3d138b', 'activity_completed', 'Has this activity been completed?', 'BOOLEAN', TRUE, 1, NULL, 'COMPLETE_ACTIVITY') ON CONFLICT (field_id) DO NOTHING;
INSERT INTO dinc_metadata.outcome_template_field (field_id, template_id, field_name, field_label, field_type, required, display_order, default_value, workflow_action) VALUES ('2c598856-be2f-5541-ae17-fb44ec403d69', '2691cfa7-2998-5a39-ac89-02d78bbf418f', 'activity_completed', 'Has this activity been completed?', 'BOOLEAN', TRUE, 1, NULL, 'COMPLETE_ACTIVITY') ON CONFLICT (field_id) DO NOTHING;
INSERT INTO dinc_metadata.outcome_template_field (field_id, template_id, field_name, field_label, field_type, required, display_order, default_value, workflow_action) VALUES ('cffaff3b-2351-5f38-907e-11a580515e14', '063f2972-33d4-5641-90ea-22376db447c7', 'activity_completed', 'Has this activity been completed?', 'BOOLEAN', TRUE, 1, NULL, 'COMPLETE_ACTIVITY') ON CONFLICT (field_id) DO NOTHING;
INSERT INTO dinc_metadata.outcome_template_field (field_id, template_id, field_name, field_label, field_type, required, display_order, default_value, workflow_action) VALUES ('9741aa18-be50-5a0e-9187-3b3b82f8e5ce', '26207de3-4ebf-5165-881f-add76142dfd7', 'activity_completed', 'Has this activity been completed?', 'BOOLEAN', TRUE, 1, NULL, 'COMPLETE_ACTIVITY') ON CONFLICT (field_id) DO NOTHING;
INSERT INTO dinc_metadata.outcome_template_field (field_id, template_id, field_name, field_label, field_type, required, display_order, default_value, workflow_action) VALUES ('dc0d0679-5df3-57d2-af4a-a4773a12e202', '9c528f89-815f-5b3e-b281-27776b8d176d', 'activity_completed', 'Has this activity been completed?', 'BOOLEAN', TRUE, 1, NULL, 'COMPLETE_ACTIVITY') ON CONFLICT (field_id) DO NOTHING;
INSERT INTO dinc_metadata.outcome_template_field (field_id, template_id, field_name, field_label, field_type, required, display_order, default_value, workflow_action) VALUES ('f6a90814-0f20-512a-b2ca-770af78c85e5', '25a99e1a-16f1-5ea5-97a7-8f39054b0ba1', 'activity_completed', 'Has this activity been completed?', 'BOOLEAN', TRUE, 1, NULL, 'COMPLETE_ACTIVITY') ON CONFLICT (field_id) DO NOTHING;
INSERT INTO dinc_metadata.outcome_template_field (field_id, template_id, field_name, field_label, field_type, required, display_order, default_value, workflow_action) VALUES ('d37ce2af-1dac-5b59-ad56-85e459722dd1', 'b50caf0c-b241-5854-ab3d-524e319027f3', 'activity_completed', 'Has this activity been completed?', 'BOOLEAN', TRUE, 1, NULL, 'COMPLETE_ACTIVITY') ON CONFLICT (field_id) DO NOTHING;
INSERT INTO dinc_metadata.outcome_template_field (field_id, template_id, field_name, field_label, field_type, required, display_order, default_value, workflow_action) VALUES ('c0c50598-3edb-5bd4-a533-75afd479f5b7', 'ab6024e3-4aee-5cb0-9362-3295c27e2a55', 'activity_completed', 'Has this activity been completed?', 'BOOLEAN', TRUE, 1, NULL, 'COMPLETE_ACTIVITY') ON CONFLICT (field_id) DO NOTHING;
INSERT INTO dinc_metadata.outcome_template_field (field_id, template_id, field_name, field_label, field_type, required, display_order, default_value, workflow_action) VALUES ('aa01d579-2dd5-5818-a4c5-997241092cb5', 'edc980ec-b1ec-5a83-b554-9a3d9d6ddfcd', 'activity_completed', 'Has this activity been completed?', 'BOOLEAN', TRUE, 1, NULL, 'COMPLETE_ACTIVITY') ON CONFLICT (field_id) DO NOTHING;
INSERT INTO dinc_metadata.outcome_template_field (field_id, template_id, field_name, field_label, field_type, required, display_order, default_value, workflow_action) VALUES ('3e3a7587-9f60-5450-b8d9-0f66e0aac435', '6a0f2410-ced7-5095-936c-3103801fec7f', 'activity_completed', 'Has this activity been completed?', 'BOOLEAN', TRUE, 1, NULL, 'COMPLETE_ACTIVITY') ON CONFLICT (field_id) DO NOTHING;
INSERT INTO dinc_metadata.outcome_template_field (field_id, template_id, field_name, field_label, field_type, required, display_order, default_value, workflow_action) VALUES ('6c096d45-e58f-5fb0-89c9-885f14968f34', '6c257330-6e68-5a04-89fd-ee4e98ecbf2d', 'activity_completed', 'Has this activity been completed?', 'BOOLEAN', TRUE, 1, NULL, 'COMPLETE_ACTIVITY') ON CONFLICT (field_id) DO NOTHING;
INSERT INTO dinc_metadata.outcome_template_field (field_id, template_id, field_name, field_label, field_type, required, display_order, default_value, workflow_action) VALUES ('72e2206b-cf68-574c-a370-53c25f6e1ce4', '0dd89617-4278-5ec0-816e-e2ef114f9fa8', 'activity_completed', 'Has this activity been completed?', 'BOOLEAN', TRUE, 1, NULL, 'COMPLETE_ACTIVITY') ON CONFLICT (field_id) DO NOTHING;
INSERT INTO dinc_metadata.outcome_template_field (field_id, template_id, field_name, field_label, field_type, required, display_order, default_value, workflow_action) VALUES ('c1d28b65-e358-593b-8e99-12e3f08667f8', '7e7218c3-f7e0-56eb-93e5-c61d0623a9ce', 'activity_completed', 'Has this activity been completed?', 'BOOLEAN', TRUE, 1, NULL, 'COMPLETE_ACTIVITY') ON CONFLICT (field_id) DO NOTHING;
INSERT INTO dinc_metadata.outcome_template_field (field_id, template_id, field_name, field_label, field_type, required, display_order, default_value, workflow_action) VALUES ('dab041a7-0d74-515c-a0c3-ee6b0e255cf8', 'db3c3d69-3818-5f17-b00f-ad8df356d4d7', 'activity_completed', 'Has this activity been completed?', 'BOOLEAN', TRUE, 1, NULL, 'COMPLETE_ACTIVITY') ON CONFLICT (field_id) DO NOTHING;
INSERT INTO dinc_metadata.outcome_template_field (field_id, template_id, field_name, field_label, field_type, required, display_order, default_value, workflow_action) VALUES ('790f40b3-86c3-53ed-86ac-dedc7d3acd55', '2bda72ed-d379-5805-a455-9400b21a3ea8', 'activity_completed', 'Has this activity been completed?', 'BOOLEAN', TRUE, 1, NULL, 'COMPLETE_ACTIVITY') ON CONFLICT (field_id) DO NOTHING;
INSERT INTO dinc_metadata.outcome_template_field (field_id, template_id, field_name, field_label, field_type, required, display_order, default_value, workflow_action) VALUES ('6df7cfaa-f8e3-5400-ab15-ee90b3a6b15f', 'f4ca99cc-17da-5352-b988-ea377a4d1b35', 'activity_completed', 'Has this activity been completed?', 'BOOLEAN', TRUE, 1, NULL, 'COMPLETE_ACTIVITY') ON CONFLICT (field_id) DO NOTHING;
INSERT INTO dinc_metadata.outcome_template_field (field_id, template_id, field_name, field_label, field_type, required, display_order, default_value, workflow_action) VALUES ('398f17c7-c800-59aa-b564-562fdb40606d', '4c380674-51a9-5ba6-a287-33e51a0b1c41', 'activity_completed', 'Has this activity been completed?', 'BOOLEAN', TRUE, 1, NULL, 'COMPLETE_ACTIVITY') ON CONFLICT (field_id) DO NOTHING;
INSERT INTO dinc_metadata.outcome_template_field (field_id, template_id, field_name, field_label, field_type, required, display_order, default_value, workflow_action) VALUES ('2f735283-2b33-5b7c-9200-7c37ba862e9e', '59f7ba96-e064-5ebb-be69-61d15d5bd4ea', 'activity_completed', 'Has this activity been completed?', 'BOOLEAN', TRUE, 1, NULL, 'COMPLETE_ACTIVITY') ON CONFLICT (field_id) DO NOTHING;
INSERT INTO dinc_metadata.outcome_template_field (field_id, template_id, field_name, field_label, field_type, required, display_order, default_value, workflow_action) VALUES ('1b0ee2a5-f478-5ca4-afb1-97400121907f', '96408fbe-7694-5b02-8607-dcb8e474afca', 'activity_completed', 'Has this activity been completed?', 'BOOLEAN', TRUE, 1, NULL, 'COMPLETE_ACTIVITY') ON CONFLICT (field_id) DO NOTHING;
INSERT INTO dinc_metadata.outcome_template_field (field_id, template_id, field_name, field_label, field_type, required, display_order, default_value, workflow_action) VALUES ('bff52a32-16f3-578e-a315-67db93918af2', 'f480b0d9-de9a-5c4c-a4d1-1ebc21a8bc86', 'activity_completed', 'Has this activity been completed?', 'BOOLEAN', TRUE, 1, NULL, 'COMPLETE_ACTIVITY') ON CONFLICT (field_id) DO NOTHING;
INSERT INTO dinc_metadata.outcome_template_field (field_id, template_id, field_name, field_label, field_type, required, display_order, default_value, workflow_action) VALUES ('a0e22936-5407-5285-8291-1a02df8c1542', 'b49f63a5-5109-51ce-9da1-b2bd3212c566', 'activity_completed', 'Has this activity been completed?', 'BOOLEAN', TRUE, 1, NULL, 'COMPLETE_ACTIVITY') ON CONFLICT (field_id) DO NOTHING;
INSERT INTO dinc_metadata.outcome_template_field (field_id, template_id, field_name, field_label, field_type, required, display_order, default_value, workflow_action) VALUES ('a462936b-824a-519b-bcbe-8ae2603c2963', '30ebc6f4-4999-5264-a4f1-72c2649becb7', 'activity_completed', 'Has this activity been completed?', 'BOOLEAN', TRUE, 1, NULL, 'COMPLETE_ACTIVITY') ON CONFLICT (field_id) DO NOTHING;
INSERT INTO dinc_metadata.outcome_template_field (field_id, template_id, field_name, field_label, field_type, required, display_order, default_value, workflow_action) VALUES ('0d03f801-fdb5-5566-a38c-6a64d46d4a1a', '4dd6358c-c2fc-51bd-b323-e099acafed81', 'activity_completed', 'Has this activity been completed?', 'BOOLEAN', TRUE, 1, NULL, 'COMPLETE_ACTIVITY') ON CONFLICT (field_id) DO NOTHING;
INSERT INTO dinc_metadata.outcome_template_field (field_id, template_id, field_name, field_label, field_type, required, display_order, default_value, workflow_action) VALUES ('0bb411f5-e817-5ee4-afa5-d3cd2df256e3', '80946ac4-fd40-5a81-90a5-3892da390c1c', 'activity_completed', 'Has this activity been completed?', 'BOOLEAN', TRUE, 1, NULL, 'COMPLETE_ACTIVITY') ON CONFLICT (field_id) DO NOTHING;
INSERT INTO dinc_metadata.outcome_template_field (field_id, template_id, field_name, field_label, field_type, required, display_order, default_value, workflow_action) VALUES ('97dde008-e48f-5fe3-a2f4-0d5cc35af65f', 'ea4ac3f8-1fc4-59bc-b978-a069acc9a35c', 'activity_completed', 'Has this activity been completed?', 'BOOLEAN', TRUE, 1, NULL, 'COMPLETE_ACTIVITY') ON CONFLICT (field_id) DO NOTHING;
INSERT INTO dinc_metadata.outcome_template_field (field_id, template_id, field_name, field_label, field_type, required, display_order, default_value, workflow_action) VALUES ('872181f0-38a0-55af-a89d-d6e56b90b72b', '49e7be46-47a6-5cd5-bc07-d9fc87bdc55f', 'activity_completed', 'Has this activity been completed?', 'BOOLEAN', TRUE, 1, NULL, 'COMPLETE_ACTIVITY') ON CONFLICT (field_id) DO NOTHING;
INSERT INTO dinc_metadata.outcome_template_field (field_id, template_id, field_name, field_label, field_type, required, display_order, default_value, workflow_action) VALUES ('9d06bc51-1a69-53bd-ad08-0c0501672133', '46053f89-ebf0-53b5-8cd1-d3d8c009a0b7', 'activity_completed', 'Has this activity been completed?', 'BOOLEAN', TRUE, 1, NULL, 'COMPLETE_ACTIVITY') ON CONFLICT (field_id) DO NOTHING;
INSERT INTO dinc_metadata.outcome_template_field (field_id, template_id, field_name, field_label, field_type, required, display_order, default_value, workflow_action) VALUES ('3a792463-4692-59ef-851c-53842bce60c5', '23b6523a-e434-528b-bdf9-cc05e287138c', 'activity_completed', 'Has this activity been completed?', 'BOOLEAN', TRUE, 1, NULL, 'COMPLETE_ACTIVITY') ON CONFLICT (field_id) DO NOTHING;
INSERT INTO dinc_metadata.outcome_template_field (field_id, template_id, field_name, field_label, field_type, required, display_order, default_value, workflow_action) VALUES ('3f6e9282-6797-55ac-8619-4a8a10a7a5c2', '0477ac0d-86c4-57fb-b624-a8f2b527f2a3', 'activity_completed', 'Has this activity been completed?', 'BOOLEAN', TRUE, 1, NULL, 'COMPLETE_ACTIVITY') ON CONFLICT (field_id) DO NOTHING;
INSERT INTO dinc_metadata.outcome_template_field (field_id, template_id, field_name, field_label, field_type, required, display_order, default_value, workflow_action) VALUES ('da3c7930-f7d2-5aba-a9b5-7edeba31e3d1', '1fec7f1a-7325-5cd8-8f06-75dacb043db5', 'activity_completed', 'Has this activity been completed?', 'BOOLEAN', TRUE, 1, NULL, 'COMPLETE_ACTIVITY') ON CONFLICT (field_id) DO NOTHING;
INSERT INTO dinc_metadata.outcome_template_field (field_id, template_id, field_name, field_label, field_type, required, display_order, default_value, workflow_action) VALUES ('e4c900a8-9727-5711-a1c3-088e9979fbdb', '7da0c62c-4384-56bd-b1dc-4bb6c1e712a9', 'activity_completed', 'Has this activity been completed?', 'BOOLEAN', TRUE, 1, NULL, 'COMPLETE_ACTIVITY') ON CONFLICT (field_id) DO NOTHING;
INSERT INTO dinc_metadata.outcome_template_field (field_id, template_id, field_name, field_label, field_type, required, display_order, default_value, workflow_action) VALUES ('1f016eb8-a4ca-52a6-82e1-987c0cc50eef', 'd767c554-6eaf-5790-8d4a-46358a090aa7', 'activity_completed', 'Has this activity been completed?', 'BOOLEAN', TRUE, 1, NULL, 'COMPLETE_ACTIVITY') ON CONFLICT (field_id) DO NOTHING;
INSERT INTO dinc_metadata.outcome_template_field (field_id, template_id, field_name, field_label, field_type, required, display_order, default_value, workflow_action) VALUES ('e34de24d-c00e-5144-ba35-0dda62870041', 'e757a584-1e8b-5ad2-a37a-09befbaa0b4a', 'activity_completed', 'Has this activity been completed?', 'BOOLEAN', TRUE, 1, NULL, 'COMPLETE_ACTIVITY') ON CONFLICT (field_id) DO NOTHING;
INSERT INTO dinc_metadata.outcome_template_field (field_id, template_id, field_name, field_label, field_type, required, display_order, default_value, workflow_action) VALUES ('2fdee6b2-5e61-557e-8e85-336ee197e665', '2a69d583-1d05-51ea-97e7-3930082dd3a7', 'activity_completed', 'Has this activity been completed?', 'BOOLEAN', TRUE, 1, NULL, 'COMPLETE_ACTIVITY') ON CONFLICT (field_id) DO NOTHING;
INSERT INTO dinc_metadata.outcome_template_field (field_id, template_id, field_name, field_label, field_type, required, display_order, default_value, workflow_action) VALUES ('71d652ad-7336-5c97-890d-6f4031e103be', 'c23e5875-f719-521b-8c19-c727cc206c3a', 'activity_completed', 'Has this activity been completed?', 'BOOLEAN', TRUE, 1, NULL, 'COMPLETE_ACTIVITY') ON CONFLICT (field_id) DO NOTHING;
INSERT INTO dinc_metadata.outcome_template_field (field_id, template_id, field_name, field_label, field_type, required, display_order, default_value, workflow_action) VALUES ('2d04c41e-da6e-5adb-bc38-263e110e4593', '234d3180-bb31-5bf3-84aa-c8576abc19ec', 'activity_completed', 'Has this activity been completed?', 'BOOLEAN', TRUE, 1, NULL, 'COMPLETE_ACTIVITY') ON CONFLICT (field_id) DO NOTHING;
INSERT INTO dinc_metadata.outcome_template_field (field_id, template_id, field_name, field_label, field_type, required, display_order, default_value, workflow_action) VALUES ('925c3e11-3f59-5734-ae2d-2fc6975975b0', 'dd732f3f-9793-5047-bfc0-a075db69c988', 'activity_completed', 'Has this activity been completed?', 'BOOLEAN', TRUE, 1, NULL, 'COMPLETE_ACTIVITY') ON CONFLICT (field_id) DO NOTHING;
INSERT INTO dinc_metadata.outcome_template_field (field_id, template_id, field_name, field_label, field_type, required, display_order, default_value, workflow_action) VALUES ('35373f00-e0e4-5755-a958-8b80dab20cb8', '3cdb8581-ed78-5f9c-bf94-0f2404737ea0', 'activity_completed', 'Has this activity been completed?', 'BOOLEAN', TRUE, 1, NULL, 'COMPLETE_ACTIVITY') ON CONFLICT (field_id) DO NOTHING;
INSERT INTO dinc_metadata.outcome_template_field (field_id, template_id, field_name, field_label, field_type, required, display_order, default_value, workflow_action) VALUES ('e50457f0-d04a-57a0-9a75-b41b024b767b', '8404a9dc-8d4d-5f4d-af56-f0c15377ab17', 'activity_completed', 'Has this activity been completed?', 'BOOLEAN', TRUE, 1, NULL, 'COMPLETE_ACTIVITY') ON CONFLICT (field_id) DO NOTHING;
INSERT INTO dinc_metadata.outcome_template_field (field_id, template_id, field_name, field_label, field_type, required, display_order, default_value, workflow_action) VALUES ('afa81ac0-91c3-523c-8cde-afefb41ced6b', '6fed58f8-d1bf-52e3-bec0-f85cfa11f21d', 'activity_completed', 'Has this activity been completed?', 'BOOLEAN', TRUE, 1, NULL, 'COMPLETE_ACTIVITY') ON CONFLICT (field_id) DO NOTHING;
INSERT INTO dinc_metadata.outcome_template_field (field_id, template_id, field_name, field_label, field_type, required, display_order, default_value, workflow_action) VALUES ('f6cc0e59-eb12-5f22-96c5-9541d118a24c', '693b6b23-4d14-5dfa-a062-a86db546ca5a', 'activity_completed', 'Has this activity been completed?', 'BOOLEAN', TRUE, 1, NULL, 'COMPLETE_ACTIVITY') ON CONFLICT (field_id) DO NOTHING;
INSERT INTO dinc_metadata.outcome_template_field (field_id, template_id, field_name, field_label, field_type, required, display_order, default_value, workflow_action) VALUES ('77ef2b97-a42a-5e0c-87de-c7feef5e3b88', '3d2bc308-c167-5f24-8653-f36d99b78d1d', 'activity_completed', 'Has this activity been completed?', 'BOOLEAN', TRUE, 1, NULL, 'COMPLETE_ACTIVITY') ON CONFLICT (field_id) DO NOTHING;
INSERT INTO dinc_metadata.outcome_template_field (field_id, template_id, field_name, field_label, field_type, required, display_order, default_value, workflow_action) VALUES ('734df6a2-8dfa-5f11-9312-18ff82b8436d', 'e2381387-9ad1-5474-91c9-fdba79da2212', 'activity_completed', 'Has this activity been completed?', 'BOOLEAN', TRUE, 1, NULL, 'COMPLETE_ACTIVITY') ON CONFLICT (field_id) DO NOTHING;
INSERT INTO dinc_metadata.outcome_template_field (field_id, template_id, field_name, field_label, field_type, required, display_order, default_value, workflow_action) VALUES ('ca7de06d-6339-5ac5-9b65-93d6e754f858', '3a9cf700-c642-5e52-8126-4140de278572', 'activity_completed', 'Has this activity been completed?', 'BOOLEAN', TRUE, 1, NULL, 'COMPLETE_ACTIVITY') ON CONFLICT (field_id) DO NOTHING;
INSERT INTO dinc_metadata.outcome_template_field (field_id, template_id, field_name, field_label, field_type, required, display_order, default_value, workflow_action) VALUES ('09bd7b93-c628-5675-bc41-21c2ed76b6df', '689ccbdf-5cbf-503b-9dc9-2e4f52782879', 'activity_completed', 'Has this activity been completed?', 'BOOLEAN', TRUE, 1, NULL, 'COMPLETE_ACTIVITY') ON CONFLICT (field_id) DO NOTHING;
INSERT INTO dinc_metadata.outcome_template_field (field_id, template_id, field_name, field_label, field_type, required, display_order, default_value, workflow_action) VALUES ('196fce18-1bd9-500d-83b9-60b51933bab1', '829a13eb-b41b-5d3c-ae2a-72c159864349', 'activity_completed', 'Has this activity been completed?', 'BOOLEAN', TRUE, 1, NULL, 'COMPLETE_ACTIVITY') ON CONFLICT (field_id) DO NOTHING;
INSERT INTO dinc_metadata.outcome_template_field (field_id, template_id, field_name, field_label, field_type, required, display_order, default_value, workflow_action) VALUES ('03754b0a-0814-5c5c-b3ed-80507b046bbe', '662a4092-52fd-548c-9356-713be5891bd8', 'activity_completed', 'Has this activity been completed?', 'BOOLEAN', TRUE, 1, NULL, 'COMPLETE_ACTIVITY') ON CONFLICT (field_id) DO NOTHING;
INSERT INTO dinc_metadata.outcome_template_field (field_id, template_id, field_name, field_label, field_type, required, display_order, default_value, workflow_action) VALUES ('ccde8a30-3923-5fb8-9ee2-6d9951a34f1c', '75025d9d-4fb3-5a1c-acea-309129c3ed5a', 'activity_completed', 'Has this activity been completed?', 'BOOLEAN', TRUE, 1, NULL, 'COMPLETE_ACTIVITY') ON CONFLICT (field_id) DO NOTHING;
INSERT INTO dinc_metadata.outcome_template_field (field_id, template_id, field_name, field_label, field_type, required, display_order, default_value, workflow_action) VALUES ('abc0b9d1-6f43-5b47-9750-99026d16a40f', 'ebe979fd-bfcd-5651-ac6f-773423975dd0', 'activity_completed', 'Has this activity been completed?', 'BOOLEAN', TRUE, 1, NULL, 'COMPLETE_ACTIVITY') ON CONFLICT (field_id) DO NOTHING;
INSERT INTO dinc_metadata.outcome_template_field (field_id, template_id, field_name, field_label, field_type, required, display_order, default_value, workflow_action) VALUES ('67ff3c85-fba3-5d83-a273-38e42b8fd101', 'e3155fc7-a5fa-5abc-8d30-b4241a438d1f', 'activity_completed', 'Has this activity been completed?', 'BOOLEAN', TRUE, 1, NULL, 'COMPLETE_ACTIVITY') ON CONFLICT (field_id) DO NOTHING;
INSERT INTO dinc_metadata.outcome_template_field (field_id, template_id, field_name, field_label, field_type, required, display_order, default_value, workflow_action) VALUES ('53386655-e0e4-5248-9fa3-00631f3f602e', 'aba998c0-b25b-58b7-8551-981a2a28e22f', 'activity_completed', 'Has this activity been completed?', 'BOOLEAN', TRUE, 1, NULL, 'COMPLETE_ACTIVITY') ON CONFLICT (field_id) DO NOTHING;
INSERT INTO dinc_metadata.outcome_template_field (field_id, template_id, field_name, field_label, field_type, required, display_order, default_value, workflow_action) VALUES ('f741ae3c-49c5-57e8-b64a-c5ec2afbe560', '2b7dac14-17c4-5687-b57b-4b58504717c1', 'activity_completed', 'Has this activity been completed?', 'BOOLEAN', TRUE, 1, NULL, 'COMPLETE_ACTIVITY') ON CONFLICT (field_id) DO NOTHING;
INSERT INTO dinc_metadata.outcome_template_field (field_id, template_id, field_name, field_label, field_type, required, display_order, default_value, workflow_action) VALUES ('9f5f72ff-f484-591f-b833-1724a376d237', 'dbf6f424-5d27-5a81-8afe-be6fea79bacb', 'activity_completed', 'Has this activity been completed?', 'BOOLEAN', TRUE, 1, NULL, 'COMPLETE_ACTIVITY') ON CONFLICT (field_id) DO NOTHING;
INSERT INTO dinc_metadata.outcome_template_field (field_id, template_id, field_name, field_label, field_type, required, display_order, default_value, workflow_action) VALUES ('8c2913b4-aa75-57c7-9185-65cd51a65737', '8df9d324-4e35-580d-97f5-a64299659582', 'activity_completed', 'Has this activity been completed?', 'BOOLEAN', TRUE, 1, NULL, 'COMPLETE_ACTIVITY') ON CONFLICT (field_id) DO NOTHING;
INSERT INTO dinc_metadata.outcome_template_field (field_id, template_id, field_name, field_label, field_type, required, display_order, default_value, workflow_action) VALUES ('371ffb6a-d0e6-50a9-a8b3-cd4f7841d032', 'c28b7aca-f2f9-58f8-b033-a9f3e4eab617', 'activity_completed', 'Has this activity been completed?', 'BOOLEAN', TRUE, 1, NULL, 'COMPLETE_ACTIVITY') ON CONFLICT (field_id) DO NOTHING;
INSERT INTO dinc_metadata.outcome_template_field (field_id, template_id, field_name, field_label, field_type, required, display_order, default_value, workflow_action) VALUES ('59c94e30-a11b-5243-ad0b-44e406412442', 'e40bed60-153c-5f30-80a9-f26fa86fcd29', 'activity_completed', 'Has this activity been completed?', 'BOOLEAN', TRUE, 1, NULL, 'COMPLETE_ACTIVITY') ON CONFLICT (field_id) DO NOTHING;
INSERT INTO dinc_metadata.outcome_template_field (field_id, template_id, field_name, field_label, field_type, required, display_order, default_value, workflow_action) VALUES ('047a9d57-9828-5db3-af41-287612ab4f40', 'a8c66015-52cc-5a73-9a0f-189d58385e83', 'activity_completed', 'Has this activity been completed?', 'BOOLEAN', TRUE, 1, NULL, 'COMPLETE_ACTIVITY') ON CONFLICT (field_id) DO NOTHING;
INSERT INTO dinc_metadata.outcome_template_field (field_id, template_id, field_name, field_label, field_type, required, display_order, default_value, workflow_action) VALUES ('19f8da18-8b6b-55e5-b979-5881b1fb09af', 'a62b9a9f-139e-538b-8d77-3700cd3e8993', 'activity_completed', 'Has this activity been completed?', 'BOOLEAN', TRUE, 1, NULL, 'COMPLETE_ACTIVITY') ON CONFLICT (field_id) DO NOTHING;
INSERT INTO dinc_metadata.outcome_template_field (field_id, template_id, field_name, field_label, field_type, required, display_order, default_value, workflow_action) VALUES ('7d7f8160-17ba-5536-a32a-fc3a02ec2c8b', '88e918e2-4de2-5223-916c-2dd50eb28136', 'activity_completed', 'Has this activity been completed?', 'BOOLEAN', TRUE, 1, NULL, 'COMPLETE_ACTIVITY') ON CONFLICT (field_id) DO NOTHING;
INSERT INTO dinc_metadata.outcome_template_field (field_id, template_id, field_name, field_label, field_type, required, display_order, default_value, workflow_action) VALUES ('92268af5-17a4-5878-8cb3-e435340d91e0', '03658195-9025-52e5-9a0a-ff37138017e9', 'activity_completed', 'Has this activity been completed?', 'BOOLEAN', TRUE, 1, NULL, 'COMPLETE_ACTIVITY') ON CONFLICT (field_id) DO NOTHING;
INSERT INTO dinc_metadata.outcome_template_field (field_id, template_id, field_name, field_label, field_type, required, display_order, default_value, workflow_action) VALUES ('470e3389-9747-50e0-81ae-32c18640ef2c', '10e63e6b-12e8-5364-a1b1-53101bc08524', 'activity_completed', 'Has this activity been completed?', 'BOOLEAN', TRUE, 1, NULL, 'COMPLETE_ACTIVITY') ON CONFLICT (field_id) DO NOTHING;
INSERT INTO dinc_metadata.outcome_template_field (field_id, template_id, field_name, field_label, field_type, required, display_order, default_value, workflow_action) VALUES ('6e6dba9d-7e39-5d63-adbc-7e04dad247cf', '52e4aeab-08d7-5a2f-b3db-8b9561e1c80c', 'activity_completed', 'Has this activity been completed?', 'BOOLEAN', TRUE, 1, NULL, 'COMPLETE_ACTIVITY') ON CONFLICT (field_id) DO NOTHING;
INSERT INTO dinc_metadata.outcome_template_field (field_id, template_id, field_name, field_label, field_type, required, display_order, default_value, workflow_action) VALUES ('16eb3182-c701-5aaa-8ee0-166e66565508', 'b83d2544-2d05-5cc6-aea5-d5ddbfaaa4f1', 'activity_completed', 'Has this activity been completed?', 'BOOLEAN', TRUE, 1, NULL, 'COMPLETE_ACTIVITY') ON CONFLICT (field_id) DO NOTHING;
INSERT INTO dinc_metadata.outcome_template_field (field_id, template_id, field_name, field_label, field_type, required, display_order, default_value, workflow_action) VALUES ('7862446c-099b-5bc9-8831-e31e254860de', '8b1a9a75-4bf5-54f9-8228-7419ac3aeb59', 'activity_completed', 'Has this activity been completed?', 'BOOLEAN', TRUE, 1, NULL, 'COMPLETE_ACTIVITY') ON CONFLICT (field_id) DO NOTHING;
INSERT INTO dinc_metadata.outcome_template_field (field_id, template_id, field_name, field_label, field_type, required, display_order, default_value, workflow_action) VALUES ('1ddfd042-3b0e-50a7-895c-c836bc8b3c04', '1cfc195d-5473-5a29-b847-72dc2e88d8ad', 'activity_completed', 'Has this activity been completed?', 'BOOLEAN', TRUE, 1, NULL, 'COMPLETE_ACTIVITY') ON CONFLICT (field_id) DO NOTHING;
INSERT INTO dinc_metadata.outcome_template_field (field_id, template_id, field_name, field_label, field_type, required, display_order, default_value, workflow_action) VALUES ('1ecde6b8-a2a7-56df-b590-9ba5797db19d', '84abf9b0-562c-5280-a64e-ed7b58089211', 'activity_completed', 'Has this activity been completed?', 'BOOLEAN', TRUE, 1, NULL, 'COMPLETE_ACTIVITY') ON CONFLICT (field_id) DO NOTHING;
INSERT INTO dinc_metadata.outcome_template_field (field_id, template_id, field_name, field_label, field_type, required, display_order, default_value, workflow_action) VALUES ('6b97d7e8-b4d9-5a99-8410-d0b5ed82aa6f', '9b6eaf1a-1cb2-59b0-a028-feb6fb85ff37', 'activity_completed', 'Has this activity been completed?', 'BOOLEAN', TRUE, 1, NULL, 'COMPLETE_ACTIVITY') ON CONFLICT (field_id) DO NOTHING;
INSERT INTO dinc_metadata.outcome_template_field (field_id, template_id, field_name, field_label, field_type, required, display_order, default_value, workflow_action) VALUES ('778c3635-54fe-5a63-8619-72ea6e308e16', 'c641a951-c46b-58ad-80f5-8f2bdd826d78', 'activity_completed', 'Has this activity been completed?', 'BOOLEAN', TRUE, 1, NULL, 'COMPLETE_ACTIVITY') ON CONFLICT (field_id) DO NOTHING;
INSERT INTO dinc_metadata.outcome_template_field (field_id, template_id, field_name, field_label, field_type, required, display_order, default_value, workflow_action) VALUES ('ee6bc270-b938-5b14-b78f-926daa9d65e9', 'd4ccb010-c04e-56db-95e4-730e6dd7239f', 'activity_completed', 'Has this activity been completed?', 'BOOLEAN', TRUE, 1, NULL, 'COMPLETE_ACTIVITY') ON CONFLICT (field_id) DO NOTHING;
INSERT INTO dinc_metadata.outcome_template_field (field_id, template_id, field_name, field_label, field_type, required, display_order, default_value, workflow_action) VALUES ('4ee11c09-18e9-5a44-a1f0-c5f4ce66e251', '93262b8c-8de6-55d3-829c-ea7c81d36356', 'activity_completed', 'Has this activity been completed?', 'BOOLEAN', TRUE, 1, NULL, 'COMPLETE_ACTIVITY') ON CONFLICT (field_id) DO NOTHING;
INSERT INTO dinc_metadata.outcome_template_field (field_id, template_id, field_name, field_label, field_type, required, display_order, default_value, workflow_action) VALUES ('e9447028-7971-52ad-8906-13a9d2a147cb', 'e7d5c9ea-7028-54a3-9a05-b478b2b1a5e8', 'activity_completed', 'Has this activity been completed?', 'BOOLEAN', TRUE, 1, NULL, 'COMPLETE_ACTIVITY') ON CONFLICT (field_id) DO NOTHING;
INSERT INTO dinc_metadata.outcome_template_field (field_id, template_id, field_name, field_label, field_type, required, display_order, default_value, workflow_action) VALUES ('dfc34ded-7dbe-5ede-aa4f-9c41e58c943a', 'b5fac2fe-387a-5a7b-be2c-27a2c57f7320', 'activity_completed', 'Has this activity been completed?', 'BOOLEAN', TRUE, 1, NULL, 'COMPLETE_ACTIVITY') ON CONFLICT (field_id) DO NOTHING;
INSERT INTO dinc_metadata.outcome_template_field (field_id, template_id, field_name, field_label, field_type, required, display_order, default_value, workflow_action) VALUES ('32382202-5c1a-5133-b6d6-d460f29cf2d4', '302dc914-4075-50a0-97a2-c8653fe750a3', 'activity_completed', 'Has this activity been completed?', 'BOOLEAN', TRUE, 1, NULL, 'COMPLETE_ACTIVITY') ON CONFLICT (field_id) DO NOTHING;
INSERT INTO dinc_metadata.outcome_template_field (field_id, template_id, field_name, field_label, field_type, required, display_order, default_value, workflow_action) VALUES ('9302d9bc-8174-5e49-9c69-1f5907eb5225', '6d346121-cce1-58b8-bd2d-fab63b1762dc', 'activity_completed', 'Has this activity been completed?', 'BOOLEAN', TRUE, 1, NULL, 'COMPLETE_ACTIVITY') ON CONFLICT (field_id) DO NOTHING;
INSERT INTO dinc_metadata.outcome_template_field (field_id, template_id, field_name, field_label, field_type, required, display_order, default_value, workflow_action) VALUES ('931652f9-7709-5aaa-a3c4-533e0fb1b31f', '614b12d9-b3df-5d66-bf15-17f4db37128f', 'activity_completed', 'Has this activity been completed?', 'BOOLEAN', TRUE, 1, NULL, 'COMPLETE_ACTIVITY') ON CONFLICT (field_id) DO NOTHING;
INSERT INTO dinc_metadata.outcome_template_field (field_id, template_id, field_name, field_label, field_type, required, display_order, default_value, workflow_action) VALUES ('31b46d3a-25f3-5d1f-8512-911bdd86c68b', 'cad42c5b-b9dc-5c34-a015-e41c47074a06', 'activity_completed', 'Has this activity been completed?', 'BOOLEAN', TRUE, 1, NULL, 'COMPLETE_ACTIVITY') ON CONFLICT (field_id) DO NOTHING;
INSERT INTO dinc_metadata.outcome_template_field (field_id, template_id, field_name, field_label, field_type, required, display_order, default_value, workflow_action) VALUES ('ad0fe2b0-7892-5e06-93e7-8547e7293fae', 'd4f881e2-3700-5116-8a1c-13114a3603f3', 'activity_completed', 'Has this activity been completed?', 'BOOLEAN', TRUE, 1, NULL, 'COMPLETE_ACTIVITY') ON CONFLICT (field_id) DO NOTHING;
INSERT INTO dinc_metadata.outcome_template_field (field_id, template_id, field_name, field_label, field_type, required, display_order, default_value, workflow_action) VALUES ('edf20303-eead-5dd5-9c97-38c82a38e1b9', 'f4321896-939f-5e5a-af1b-9facd7575348', 'activity_completed', 'Has this activity been completed?', 'BOOLEAN', TRUE, 1, NULL, 'COMPLETE_ACTIVITY') ON CONFLICT (field_id) DO NOTHING;
INSERT INTO dinc_metadata.outcome_template_field (field_id, template_id, field_name, field_label, field_type, required, display_order, default_value, workflow_action) VALUES ('619231e2-0bae-595e-ae5d-5c9814c9c872', '13649549-fa9c-58c3-ac1c-ec82e481048c', 'activity_completed', 'Has this activity been completed?', 'BOOLEAN', TRUE, 1, NULL, 'COMPLETE_ACTIVITY') ON CONFLICT (field_id) DO NOTHING;
INSERT INTO dinc_metadata.outcome_template_field (field_id, template_id, field_name, field_label, field_type, required, display_order, default_value, workflow_action) VALUES ('d6c26d60-298f-5d69-916d-b4fc1a3510f9', 'a4f29163-006f-55b3-b8cf-c6a8e404265a', 'activity_completed', 'Has this activity been completed?', 'BOOLEAN', TRUE, 1, NULL, 'COMPLETE_ACTIVITY') ON CONFLICT (field_id) DO NOTHING;
INSERT INTO dinc_metadata.outcome_template_field (field_id, template_id, field_name, field_label, field_type, required, display_order, default_value, workflow_action) VALUES ('5a2e2730-49f8-5d27-b7b1-237a59e3f565', '8627ba1d-46bf-5e18-86f4-306825f5cb18', 'activity_completed', 'Has this activity been completed?', 'BOOLEAN', TRUE, 1, NULL, 'COMPLETE_ACTIVITY') ON CONFLICT (field_id) DO NOTHING;
INSERT INTO dinc_metadata.outcome_template_field (field_id, template_id, field_name, field_label, field_type, required, display_order, default_value, workflow_action) VALUES ('c541595c-6ee9-5f5d-9107-33937e6d3c4d', '60913a53-bee0-5d78-8b42-12d71ad52073', 'activity_completed', 'Has this activity been completed?', 'BOOLEAN', TRUE, 1, NULL, 'COMPLETE_ACTIVITY') ON CONFLICT (field_id) DO NOTHING;
INSERT INTO dinc_metadata.outcome_template_field (field_id, template_id, field_name, field_label, field_type, required, display_order, default_value, workflow_action) VALUES ('9e838063-db19-5692-8998-0b619881b200', '7983a91a-5bc4-58ec-a8f7-bc9c2c831bd5', 'activity_completed', 'Has this activity been completed?', 'BOOLEAN', TRUE, 1, NULL, 'COMPLETE_ACTIVITY') ON CONFLICT (field_id) DO NOTHING;
INSERT INTO dinc_metadata.outcome_template_field (field_id, template_id, field_name, field_label, field_type, required, display_order, default_value, workflow_action) VALUES ('ad2d5294-b4d4-5a12-ba6d-6dedf3a3a368', '5fd3d666-a861-5195-a804-48655ecfaba3', 'activity_completed', 'Has this activity been completed?', 'BOOLEAN', TRUE, 1, NULL, 'COMPLETE_ACTIVITY') ON CONFLICT (field_id) DO NOTHING;
INSERT INTO dinc_metadata.outcome_template_field (field_id, template_id, field_name, field_label, field_type, required, display_order, default_value, workflow_action) VALUES ('a7b2760d-471f-5062-9c2c-ebb268087653', 'df823c29-50b0-51c7-b1be-97fd888aed3c', 'activity_completed', 'Has this activity been completed?', 'BOOLEAN', TRUE, 1, NULL, 'COMPLETE_ACTIVITY') ON CONFLICT (field_id) DO NOTHING;
INSERT INTO dinc_metadata.outcome_template_field (field_id, template_id, field_name, field_label, field_type, required, display_order, default_value, workflow_action) VALUES ('9d66ac7b-8259-56c6-a93a-71777ba2f057', '65ad9f54-5756-504a-b9e0-797fcbec2f24', 'activity_completed', 'Has this activity been completed?', 'BOOLEAN', TRUE, 1, NULL, 'COMPLETE_ACTIVITY') ON CONFLICT (field_id) DO NOTHING;
INSERT INTO dinc_metadata.outcome_template_field (field_id, template_id, field_name, field_label, field_type, required, display_order, default_value, workflow_action) VALUES ('8c28f026-be95-55b1-b433-93e407f1d689', 'df7bbaef-95cc-50ef-b8f4-394a615b586e', 'activity_completed', 'Has this activity been completed?', 'BOOLEAN', TRUE, 1, NULL, 'COMPLETE_ACTIVITY') ON CONFLICT (field_id) DO NOTHING;
INSERT INTO dinc_metadata.outcome_template_field (field_id, template_id, field_name, field_label, field_type, required, display_order, default_value, workflow_action) VALUES ('0d2284e3-db01-5253-b257-21bdb4a7d231', '36fd6b44-cc41-58d8-b272-dfbd6e18a169', 'activity_completed', 'Has this activity been completed?', 'BOOLEAN', TRUE, 1, NULL, 'COMPLETE_ACTIVITY') ON CONFLICT (field_id) DO NOTHING;
INSERT INTO dinc_metadata.outcome_template_field (field_id, template_id, field_name, field_label, field_type, required, display_order, default_value, workflow_action) VALUES ('7d8c009f-b668-50dc-8e4d-1512bb5b2d66', 'd8184569-39e3-5164-8d4f-a82cf8504a8c', 'activity_completed', 'Has this activity been completed?', 'BOOLEAN', TRUE, 1, NULL, 'COMPLETE_ACTIVITY') ON CONFLICT (field_id) DO NOTHING;
INSERT INTO dinc_metadata.outcome_template_field (field_id, template_id, field_name, field_label, field_type, required, display_order, default_value, workflow_action) VALUES ('4516be54-bbe9-5dee-94d0-2ef54516e179', 'a0e3db99-9d9c-5a5d-b491-0e7544b840ff', 'activity_completed', 'Has this activity been completed?', 'BOOLEAN', TRUE, 1, NULL, 'COMPLETE_ACTIVITY') ON CONFLICT (field_id) DO NOTHING;
INSERT INTO dinc_metadata.outcome_template_field (field_id, template_id, field_name, field_label, field_type, required, display_order, default_value, workflow_action) VALUES ('505f2642-98ca-5eac-a2e3-b5b4b0f96563', 'e5b73fd0-98d7-53c9-8382-a597f5a7285d', 'activity_completed', 'Has this activity been completed?', 'BOOLEAN', TRUE, 1, NULL, 'COMPLETE_ACTIVITY') ON CONFLICT (field_id) DO NOTHING;
INSERT INTO dinc_metadata.outcome_template_field (field_id, template_id, field_name, field_label, field_type, required, display_order, default_value, workflow_action) VALUES ('10081bc5-49dc-5683-a779-450a33921722', 'dc6de9ec-ea37-5d80-bf7c-9cdbd2cfc042', 'activity_completed', 'Has this activity been completed?', 'BOOLEAN', TRUE, 1, NULL, 'COMPLETE_ACTIVITY') ON CONFLICT (field_id) DO NOTHING;
INSERT INTO dinc_metadata.outcome_template_field (field_id, template_id, field_name, field_label, field_type, required, display_order, default_value, workflow_action) VALUES ('6ba964c9-a863-533f-82e8-1d461f1d9215', '742e50bc-34d9-5006-9efa-90c3772cef32', 'activity_completed', 'Has this activity been completed?', 'BOOLEAN', TRUE, 1, NULL, 'COMPLETE_ACTIVITY') ON CONFLICT (field_id) DO NOTHING;
INSERT INTO dinc_metadata.outcome_template_field (field_id, template_id, field_name, field_label, field_type, required, display_order, default_value, workflow_action) VALUES ('8406a78f-acf0-5bbe-bca3-06e959385fb1', 'ac586f31-9dc4-5c17-bbb8-08bb64ec26b0', 'activity_completed', 'Has this activity been completed?', 'BOOLEAN', TRUE, 1, NULL, 'COMPLETE_ACTIVITY') ON CONFLICT (field_id) DO NOTHING;
INSERT INTO dinc_metadata.outcome_template_field (field_id, template_id, field_name, field_label, field_type, required, display_order, default_value, workflow_action) VALUES ('a045aa45-6499-5e29-9ff6-baf59f2ddd2b', 'd47a88c4-005e-56b2-9899-8488b6a7539f', 'activity_completed', 'Has this activity been completed?', 'BOOLEAN', TRUE, 1, NULL, 'COMPLETE_ACTIVITY') ON CONFLICT (field_id) DO NOTHING;
INSERT INTO dinc_metadata.outcome_template_field (field_id, template_id, field_name, field_label, field_type, required, display_order, default_value, workflow_action) VALUES ('2a71d22d-0d79-54fb-8c61-9a1e1230249d', '057c4e31-def7-539c-8028-5c28e4398c65', 'activity_completed', 'Has this activity been completed?', 'BOOLEAN', TRUE, 1, NULL, 'COMPLETE_ACTIVITY') ON CONFLICT (field_id) DO NOTHING;
INSERT INTO dinc_metadata.outcome_template_field (field_id, template_id, field_name, field_label, field_type, required, display_order, default_value, workflow_action) VALUES ('63c7e5fb-f29b-58e3-9021-31d825b22309', '5dec0bd5-fb7e-5543-8e5e-606073356f9e', 'activity_completed', 'Has this activity been completed?', 'BOOLEAN', TRUE, 1, NULL, 'COMPLETE_ACTIVITY') ON CONFLICT (field_id) DO NOTHING;
INSERT INTO dinc_metadata.outcome_template_field (field_id, template_id, field_name, field_label, field_type, required, display_order, default_value, workflow_action) VALUES ('b59cfc32-ee77-5259-97dc-13cb3920cb6c', '51b73e6e-a87d-5327-a1c8-765ff174e21a', 'activity_completed', 'Has this activity been completed?', 'BOOLEAN', TRUE, 1, NULL, 'COMPLETE_ACTIVITY') ON CONFLICT (field_id) DO NOTHING;
INSERT INTO dinc_metadata.outcome_template_field (field_id, template_id, field_name, field_label, field_type, required, display_order, default_value, workflow_action) VALUES ('58454f27-2d47-5392-9dbf-aee2d587a66f', '213c8610-329e-5b7b-a0af-67a71d5e05f6', 'activity_completed', 'Has this activity been completed?', 'BOOLEAN', TRUE, 1, NULL, 'COMPLETE_ACTIVITY') ON CONFLICT (field_id) DO NOTHING;
INSERT INTO dinc_metadata.outcome_template_field (field_id, template_id, field_name, field_label, field_type, required, display_order, default_value, workflow_action) VALUES ('9bd5f4b2-d2b8-5a2c-88c7-ba8b64bb357a', 'ef35f8c7-8b8b-53a0-8649-9e00f6711beb', 'activity_completed', 'Has this activity been completed?', 'BOOLEAN', TRUE, 1, NULL, 'COMPLETE_ACTIVITY') ON CONFLICT (field_id) DO NOTHING;
INSERT INTO dinc_metadata.outcome_template_field (field_id, template_id, field_name, field_label, field_type, required, display_order, default_value, workflow_action) VALUES ('912c12ad-c126-5bbb-9d78-2958477ca044', 'a1315674-12b3-5d7e-b727-23e0dc8901fa', 'activity_completed', 'Has this activity been completed?', 'BOOLEAN', TRUE, 1, NULL, 'COMPLETE_ACTIVITY') ON CONFLICT (field_id) DO NOTHING;
INSERT INTO dinc_metadata.outcome_template_field (field_id, template_id, field_name, field_label, field_type, required, display_order, default_value, workflow_action) VALUES ('a98619b3-a30d-5a06-99c5-b75cc8dfb365', 'c63a5e3c-e02c-55e3-bc5a-597468b6180c', 'activity_completed', 'Has this activity been completed?', 'BOOLEAN', TRUE, 1, NULL, 'COMPLETE_ACTIVITY') ON CONFLICT (field_id) DO NOTHING;
INSERT INTO dinc_metadata.outcome_template_field (field_id, template_id, field_name, field_label, field_type, required, display_order, default_value, workflow_action) VALUES ('9a7b83b3-8672-5a3b-8b1c-74a5d87a2eec', '46dec1a5-589d-5d0e-896c-f608c52305dc', 'activity_completed', 'Has this activity been completed?', 'BOOLEAN', TRUE, 1, NULL, 'COMPLETE_ACTIVITY') ON CONFLICT (field_id) DO NOTHING;
INSERT INTO dinc_metadata.outcome_template_field (field_id, template_id, field_name, field_label, field_type, required, display_order, default_value, workflow_action) VALUES ('6444b48b-d660-55e8-8948-19560ae6d609', '2888a86a-ddaf-5de3-a709-0c375dcb4da0', 'activity_completed', 'Has this activity been completed?', 'BOOLEAN', TRUE, 1, NULL, 'COMPLETE_ACTIVITY') ON CONFLICT (field_id) DO NOTHING;
INSERT INTO dinc_metadata.outcome_template_field (field_id, template_id, field_name, field_label, field_type, required, display_order, default_value, workflow_action) VALUES ('330056e9-602d-5080-8df9-23a9aca86378', '73059866-fa32-532a-9e73-277a76e0ca5d', 'activity_completed', 'Has this activity been completed?', 'BOOLEAN', TRUE, 1, NULL, 'COMPLETE_ACTIVITY') ON CONFLICT (field_id) DO NOTHING;
INSERT INTO dinc_metadata.outcome_template_field (field_id, template_id, field_name, field_label, field_type, required, display_order, default_value, workflow_action) VALUES ('338fff67-437c-53bd-861f-9c495752b83a', '98aa378d-83ef-5a26-87e4-4c9699d9d5ca', 'activity_completed', 'Has this activity been completed?', 'BOOLEAN', TRUE, 1, NULL, 'COMPLETE_ACTIVITY') ON CONFLICT (field_id) DO NOTHING;
INSERT INTO dinc_metadata.outcome_template_field (field_id, template_id, field_name, field_label, field_type, required, display_order, default_value, workflow_action) VALUES ('f2ae02df-f71e-5304-8d35-15d0aee8cf4f', 'dc4797d1-efbe-5dc3-a319-be6b93c5789c', 'activity_completed', 'Has this activity been completed?', 'BOOLEAN', TRUE, 1, NULL, 'COMPLETE_ACTIVITY') ON CONFLICT (field_id) DO NOTHING;
INSERT INTO dinc_metadata.outcome_template_field (field_id, template_id, field_name, field_label, field_type, required, display_order, default_value, workflow_action) VALUES ('d89d98df-5460-5599-879c-5059ea821c69', 'ce1304b2-c456-58fb-a195-33d367e84a3f', 'activity_completed', 'Has this activity been completed?', 'BOOLEAN', TRUE, 1, NULL, 'COMPLETE_ACTIVITY') ON CONFLICT (field_id) DO NOTHING;
INSERT INTO dinc_metadata.outcome_template_field (field_id, template_id, field_name, field_label, field_type, required, display_order, default_value, workflow_action) VALUES ('b0376c3a-feb9-51d3-a542-ec1798bef21a', 'c0b0cb36-e8f2-56f5-ba3e-ec93c8325880', 'activity_completed', 'Has this activity been completed?', 'BOOLEAN', TRUE, 1, NULL, 'COMPLETE_ACTIVITY') ON CONFLICT (field_id) DO NOTHING;
INSERT INTO dinc_metadata.outcome_template_field (field_id, template_id, field_name, field_label, field_type, required, display_order, default_value, workflow_action) VALUES ('5a2c4649-7cd2-5561-b37f-881d9794917d', '683da342-31c0-5437-bace-3c40a06e1aa7', 'activity_completed', 'Has this activity been completed?', 'BOOLEAN', TRUE, 1, NULL, 'COMPLETE_ACTIVITY') ON CONFLICT (field_id) DO NOTHING;
INSERT INTO dinc_metadata.outcome_template_field (field_id, template_id, field_name, field_label, field_type, required, display_order, default_value, workflow_action) VALUES ('5499173f-04e5-54f9-85eb-0c12e8daf6d7', 'a6205820-a029-520d-ab8f-964facb71508', 'activity_completed', 'Has this activity been completed?', 'BOOLEAN', TRUE, 1, NULL, 'COMPLETE_ACTIVITY') ON CONFLICT (field_id) DO NOTHING;
INSERT INTO dinc_metadata.outcome_template_field (field_id, template_id, field_name, field_label, field_type, required, display_order, default_value, workflow_action) VALUES ('14f76b0a-b376-5137-b6d0-15a6b763a27e', '088a9bc7-39d7-55d8-8a50-dc523ed80c4b', 'activity_completed', 'Has this activity been completed?', 'BOOLEAN', TRUE, 1, NULL, 'COMPLETE_ACTIVITY') ON CONFLICT (field_id) DO NOTHING;
INSERT INTO dinc_metadata.outcome_template_field (field_id, template_id, field_name, field_label, field_type, required, display_order, default_value, workflow_action) VALUES ('7c05d24b-b6ec-5965-a5c2-951c4da5a9ae', 'da0650b8-ed7c-5b2c-a621-f0737b688bac', 'activity_completed', 'Has this activity been completed?', 'BOOLEAN', TRUE, 1, NULL, 'COMPLETE_ACTIVITY') ON CONFLICT (field_id) DO NOTHING;
INSERT INTO dinc_metadata.outcome_template_field (field_id, template_id, field_name, field_label, field_type, required, display_order, default_value, workflow_action) VALUES ('ab9beec6-ba66-5a59-90f5-5c107da47002', 'c668f70a-49f9-5ed2-857a-3075e28a4da7', 'activity_completed', 'Has this activity been completed?', 'BOOLEAN', TRUE, 1, NULL, 'COMPLETE_ACTIVITY') ON CONFLICT (field_id) DO NOTHING;
INSERT INTO dinc_metadata.outcome_template_field (field_id, template_id, field_name, field_label, field_type, required, display_order, default_value, workflow_action) VALUES ('fa30e63f-c851-5a15-a72a-63c55519c98e', '54644154-d633-5196-8434-8a0d7806a022', 'activity_completed', 'Has this activity been completed?', 'BOOLEAN', TRUE, 1, NULL, 'COMPLETE_ACTIVITY') ON CONFLICT (field_id) DO NOTHING;
INSERT INTO dinc_metadata.outcome_template_field (field_id, template_id, field_name, field_label, field_type, required, display_order, default_value, workflow_action) VALUES ('1fabbaf9-5138-5194-8962-8756f7795c15', 'f2788da5-a4f9-53e8-9059-b70cc079ec70', 'activity_completed', 'Has this activity been completed?', 'BOOLEAN', TRUE, 1, NULL, 'COMPLETE_ACTIVITY') ON CONFLICT (field_id) DO NOTHING;
INSERT INTO dinc_metadata.outcome_template_field (field_id, template_id, field_name, field_label, field_type, required, display_order, default_value, workflow_action) VALUES ('fe626b4e-cfdc-5de7-a4f5-25569b74864f', '20e8094b-4ff5-5c0b-9320-9cf19c00800d', 'activity_completed', 'Has this activity been completed?', 'BOOLEAN', TRUE, 1, NULL, 'COMPLETE_ACTIVITY') ON CONFLICT (field_id) DO NOTHING;
INSERT INTO dinc_metadata.outcome_template_field (field_id, template_id, field_name, field_label, field_type, required, display_order, default_value, workflow_action) VALUES ('af0b6b1d-1390-58ce-a13f-0d743e7a9688', '342637f6-b449-5ea7-9c31-b7a9d99920e8', 'activity_completed', 'Has this activity been completed?', 'BOOLEAN', TRUE, 1, NULL, 'COMPLETE_ACTIVITY') ON CONFLICT (field_id) DO NOTHING;
INSERT INTO dinc_metadata.outcome_template_field (field_id, template_id, field_name, field_label, field_type, required, display_order, default_value, workflow_action) VALUES ('7e0f0e8e-f678-5938-85ed-c633eb333d99', '5750d56d-aa52-5a6d-9a7d-b2e633c6d375', 'activity_completed', 'Has this activity been completed?', 'BOOLEAN', TRUE, 1, NULL, 'COMPLETE_ACTIVITY') ON CONFLICT (field_id) DO NOTHING;
INSERT INTO dinc_metadata.outcome_template_field (field_id, template_id, field_name, field_label, field_type, required, display_order, default_value, workflow_action) VALUES ('bf3cb9af-ed1e-5b55-a8c4-66e7a8eeadc7', '7eddc45b-c321-56eb-96d6-b0b11b302699', 'activity_completed', 'Has this activity been completed?', 'BOOLEAN', TRUE, 1, NULL, 'COMPLETE_ACTIVITY') ON CONFLICT (field_id) DO NOTHING;
INSERT INTO dinc_metadata.outcome_template_field (field_id, template_id, field_name, field_label, field_type, required, display_order, default_value, workflow_action) VALUES ('1e718f62-9bac-5d79-81db-387ad441d5a4', 'd48336b0-74eb-580a-9c51-94eebbadec96', 'activity_completed', 'Has this activity been completed?', 'BOOLEAN', TRUE, 1, NULL, 'COMPLETE_ACTIVITY') ON CONFLICT (field_id) DO NOTHING;
INSERT INTO dinc_metadata.outcome_template_field (field_id, template_id, field_name, field_label, field_type, required, display_order, default_value, workflow_action) VALUES ('7732638a-e812-5598-a779-c64cfb3dec6b', 'b708911f-29a3-5227-a101-365ca48b9eaa', 'activity_completed', 'Has this activity been completed?', 'BOOLEAN', TRUE, 1, NULL, 'COMPLETE_ACTIVITY') ON CONFLICT (field_id) DO NOTHING;
INSERT INTO dinc_metadata.outcome_template_field (field_id, template_id, field_name, field_label, field_type, required, display_order, default_value, workflow_action) VALUES ('dc03fb9d-b19e-5465-ac7f-deeb4b811028', 'd2318525-288a-5da0-8d70-56b9a1031cbd', 'activity_completed', 'Has this activity been completed?', 'BOOLEAN', TRUE, 1, NULL, 'COMPLETE_ACTIVITY') ON CONFLICT (field_id) DO NOTHING;
INSERT INTO dinc_metadata.outcome_template_field (field_id, template_id, field_name, field_label, field_type, required, display_order, default_value, workflow_action) VALUES ('aa1f601d-a1d0-5abd-a44d-61ae672e59ee', 'cd23d3da-ca41-5645-974b-e981fe7e5409', 'activity_completed', 'Has this activity been completed?', 'BOOLEAN', TRUE, 1, NULL, 'COMPLETE_ACTIVITY') ON CONFLICT (field_id) DO NOTHING;
INSERT INTO dinc_metadata.outcome_template_field (field_id, template_id, field_name, field_label, field_type, required, display_order, default_value, workflow_action) VALUES ('ce49409e-47fd-5979-ac23-aa87a1856d99', '4fd50522-2534-50ef-82d5-8fc4948b62e9', 'activity_completed', 'Has this activity been completed?', 'BOOLEAN', TRUE, 1, NULL, 'COMPLETE_ACTIVITY') ON CONFLICT (field_id) DO NOTHING;

-- ---- call_outcome (6 rows, from worksheet 'Call_Outcome') ----
INSERT INTO dinc_metadata.call_outcome (code, name, category, is_active, display_order) VALUES ('SUCCESS', 'Successful Connect', 'POSITIVE', TRUE, 1) ON CONFLICT (code) DO NOTHING;
INSERT INTO dinc_metadata.call_outcome (code, name, category, is_active, display_order) VALUES ('NIL', 'No Response', 'NEGATIVE', TRUE, 2) ON CONFLICT (code) DO NOTHING;
INSERT INTO dinc_metadata.call_outcome (code, name, category, is_active, display_order) VALUES ('CALLBACK', 'Call Back Requested', 'NEUTRAL', TRUE, 3) ON CONFLICT (code) DO NOTHING;
INSERT INTO dinc_metadata.call_outcome (code, name, category, is_active, display_order) VALUES ('VOICE', 'Voicemail Left', 'NEUTRAL', TRUE, 4) ON CONFLICT (code) DO NOTHING;
INSERT INTO dinc_metadata.call_outcome (code, name, category, is_active, display_order) VALUES ('BUSY', 'Busy - Will Call Back', 'NEUTRAL', TRUE, 5) ON CONFLICT (code) DO NOTHING;
INSERT INTO dinc_metadata.call_outcome (code, name, category, is_active, display_order) VALUES ('HOSPITAL', 'Patient Hospitalised', 'ESCALATION', TRUE, 6) ON CONFLICT (code) DO NOTHING;

-- ---- event_call_outcome (6 rows, from worksheet 'Event_Call_Outcome') ----
INSERT INTO dinc_metadata.event_call_outcome (event_code, outcome_code, display_order, is_active) VALUES ('ALL', 'SUCCESS', 1, TRUE) ON CONFLICT (event_code, outcome_code) DO NOTHING;
INSERT INTO dinc_metadata.event_call_outcome (event_code, outcome_code, display_order, is_active) VALUES ('ALL', 'NIL', 2, TRUE) ON CONFLICT (event_code, outcome_code) DO NOTHING;
INSERT INTO dinc_metadata.event_call_outcome (event_code, outcome_code, display_order, is_active) VALUES ('ALL', 'CALLBACK', 3, TRUE) ON CONFLICT (event_code, outcome_code) DO NOTHING;
INSERT INTO dinc_metadata.event_call_outcome (event_code, outcome_code, display_order, is_active) VALUES ('ALL', 'VOICE', 4, TRUE) ON CONFLICT (event_code, outcome_code) DO NOTHING;
INSERT INTO dinc_metadata.event_call_outcome (event_code, outcome_code, display_order, is_active) VALUES ('ALL', 'BUSY', 5, TRUE) ON CONFLICT (event_code, outcome_code) DO NOTHING;
INSERT INTO dinc_metadata.event_call_outcome (event_code, outcome_code, display_order, is_active) VALUES ('ALL', 'HOSPITAL', 6, TRUE) ON CONFLICT (event_code, outcome_code) DO NOTHING;

-- ---- call_outcome_rule (6 rows, from worksheet 'Call_Outcome_Rule') ----
INSERT INTO dinc_metadata.call_outcome_rule (outcome_code, programme_code, next_action, followup_delay_days, priority, is_active) VALUES ('SUCCESS', 'ALL', 'FOLLOW_PROGRAM_SCHEDULE', NULL, 'NORMAL', TRUE) ON CONFLICT (outcome_code, programme_code) DO NOTHING;
INSERT INTO dinc_metadata.call_outcome_rule (outcome_code, programme_code, next_action, followup_delay_days, priority, is_active) VALUES ('NIL', 'ALL', 'CREATE_FOLLOWUP', 7, 'HIGH', TRUE) ON CONFLICT (outcome_code, programme_code) DO NOTHING;
INSERT INTO dinc_metadata.call_outcome_rule (outcome_code, programme_code, next_action, followup_delay_days, priority, is_active) VALUES ('CALLBACK', 'ALL', 'CREATE_FOLLOWUP', 3, 'NORMAL', TRUE) ON CONFLICT (outcome_code, programme_code) DO NOTHING;
INSERT INTO dinc_metadata.call_outcome_rule (outcome_code, programme_code, next_action, followup_delay_days, priority, is_active) VALUES ('VOICE', 'ALL', 'CREATE_FOLLOWUP', 5, 'NORMAL', TRUE) ON CONFLICT (outcome_code, programme_code) DO NOTHING;
INSERT INTO dinc_metadata.call_outcome_rule (outcome_code, programme_code, next_action, followup_delay_days, priority, is_active) VALUES ('BUSY', 'ALL', 'CREATE_FOLLOWUP', 1, 'HIGH', TRUE) ON CONFLICT (outcome_code, programme_code) DO NOTHING;
INSERT INTO dinc_metadata.call_outcome_rule (outcome_code, programme_code, next_action, followup_delay_days, priority, is_active) VALUES ('HOSPITAL', 'ALL', 'CREATE_FOLLOWUP', 14, 'URGENT', TRUE) ON CONFLICT (outcome_code, programme_code) DO NOTHING;

-- ---- guidebook (15 rows, from worksheet 'Guidebook') ----
INSERT INTO dinc_metadata.guidebook (guidebook_code, title, category, source, is_active) VALUES ('GB001', 'Eligible Couple Counselling', 'MATERNAL', 'National Health Mission Guidelines', TRUE) ON CONFLICT (guidebook_code) DO NOTHING;
INSERT INTO dinc_metadata.guidebook (guidebook_code, title, category, source, is_active) VALUES ('GB002', 'ANC Counselling - First Trimester', 'MATERNAL', 'National Health Mission Guidelines', TRUE) ON CONFLICT (guidebook_code) DO NOTHING;
INSERT INTO dinc_metadata.guidebook (guidebook_code, title, category, source, is_active) VALUES ('GB003', 'Postnatal Care Counselling', 'MATERNAL', 'National Health Mission Guidelines', TRUE) ON CONFLICT (guidebook_code) DO NOTHING;
INSERT INTO dinc_metadata.guidebook (guidebook_code, title, category, source, is_active) VALUES ('GB004', 'Newborn and Infant Counselling', 'CHILD', 'National Health Mission Guidelines', TRUE) ON CONFLICT (guidebook_code) DO NOTHING;
INSERT INTO dinc_metadata.guidebook (guidebook_code, title, category, source, is_active) VALUES ('GB005', 'TB Counselling and DOTS', 'COMMUNICABLE', 'NTEP Guidelines', TRUE) ON CONFLICT (guidebook_code) DO NOTHING;
INSERT INTO dinc_metadata.guidebook (guidebook_code, title, category, source, is_active) VALUES ('GB006', 'Malaria Prevention and Treatment', 'COMMUNICABLE', 'National Vector Borne Disease Control Programme', TRUE) ON CONFLICT (guidebook_code) DO NOTHING;
INSERT INTO dinc_metadata.guidebook (guidebook_code, title, category, source, is_active) VALUES ('GB007', 'Hypertension Counselling', 'HYPERTENSION', 'National NCD Guidelines', TRUE) ON CONFLICT (guidebook_code) DO NOTHING;
INSERT INTO dinc_metadata.guidebook (guidebook_code, title, category, source, is_active) VALUES ('GB008', 'Diabetes Counselling', 'DIABETES', 'National NCD Guidelines', TRUE) ON CONFLICT (guidebook_code) DO NOTHING;
INSERT INTO dinc_metadata.guidebook (guidebook_code, title, category, source, is_active) VALUES ('GB009', 'Chronic Kidney Disease Management', 'RENAL', 'National NCD Guidelines', TRUE) ON CONFLICT (guidebook_code) DO NOTHING;
INSERT INTO dinc_metadata.guidebook (guidebook_code, title, category, source, is_active) VALUES ('GB010', 'Mental Health Counselling', 'MENTAL_HEALTH', 'National Mental Health Programme', TRUE) ON CONFLICT (guidebook_code) DO NOTHING;
INSERT INTO dinc_metadata.guidebook (guidebook_code, title, category, source, is_active) VALUES ('GB011', 'Substance Use and De-addiction', 'MENTAL_HEALTH', 'National Tobacco Control Programme', TRUE) ON CONFLICT (guidebook_code) DO NOTHING;
INSERT INTO dinc_metadata.guidebook (guidebook_code, title, category, source, is_active) VALUES ('GB012', 'Emergency and First Aid Protocol', 'EMERGENCY', 'Emergency Care Guidelines', TRUE) ON CONFLICT (guidebook_code) DO NOTHING;
INSERT INTO dinc_metadata.guidebook (guidebook_code, title, category, source, is_active) VALUES ('GB013', 'Elderly Care Counselling', 'ELDERLY', 'National Programme for Health Care of Elderly', TRUE) ON CONFLICT (guidebook_code) DO NOTHING;
INSERT INTO dinc_metadata.guidebook (guidebook_code, title, category, source, is_active) VALUES ('GB014', 'Government Health Schemes Guide', 'GENERAL', 'Government of India Health Programmes', TRUE) ON CONFLICT (guidebook_code) DO NOTHING;
INSERT INTO dinc_metadata.guidebook (guidebook_code, title, category, source, is_active) VALUES ('GB015', 'Clinical and Non-Clinical FAQ Reference', 'GENERAL', 'CPHC Knowledge Base', TRUE) ON CONFLICT (guidebook_code) DO NOTHING;

-- ---- guidebook_section (45 rows, from worksheet 'Guidebook_Section') ----
INSERT INTO dinc_metadata.guidebook_section (section_id, guidebook_code, section_type, section_title, content, display_order) VALUES ('f43b4a18-93de-504a-a8db-30b21f2c61cb', 'GB001', 'SUMMARY', 'Summary', 'Preconception counselling and pregnancy planning.', 1) ON CONFLICT (section_id) DO NOTHING;
INSERT INTO dinc_metadata.guidebook_section (section_id, guidebook_code, section_type, section_title, content, display_order) VALUES ('f949485f-c87b-5e77-82be-89a18c8d8eec', 'GB001', 'KEY_STEPS', 'Key Steps', 'Assess reproductive goals; Advise folic acid supplementation; Counsel on healthy lifestyle; Encourage early ANC registration.', 2) ON CONFLICT (section_id) DO NOTHING;
INSERT INTO dinc_metadata.guidebook_section (section_id, guidebook_code, section_type, section_title, content, display_order) VALUES ('cde7e358-de90-5968-9aae-1849a4466a68', 'GB001', 'ESCALATION_CRITERIA', 'Escalation Criteria', 'History of infertility; Recurrent pregnancy loss; High-risk medical conditions.', 3) ON CONFLICT (section_id) DO NOTHING;
INSERT INTO dinc_metadata.guidebook_section (section_id, guidebook_code, section_type, section_title, content, display_order) VALUES ('966e2cad-1a48-5a8f-bdf5-690cc12b5542', 'GB002', 'SUMMARY', 'Summary', 'First trimester ANC guidance and investigations.', 1) ON CONFLICT (section_id) DO NOTHING;
INSERT INTO dinc_metadata.guidebook_section (section_id, guidebook_code, section_type, section_title, content, display_order) VALUES ('4c4196c6-08f2-5bcf-80c3-1c80af236f85', 'GB002', 'KEY_STEPS', 'Key Steps', 'Register pregnancy; Perform baseline investigations; Start IFA and calcium; Administer Td vaccine as indicated.', 2) ON CONFLICT (section_id) DO NOTHING;
INSERT INTO dinc_metadata.guidebook_section (section_id, guidebook_code, section_type, section_title, content, display_order) VALUES ('ba6f0516-1a37-50cd-90b8-ac341e431e2e', 'GB002', 'ESCALATION_CRITERIA', 'Escalation Criteria', 'Bleeding; Severe vomiting; Severe abdominal pain; Hypertension.', 3) ON CONFLICT (section_id) DO NOTHING;
INSERT INTO dinc_metadata.guidebook_section (section_id, guidebook_code, section_type, section_title, content, display_order) VALUES ('9f11cfa9-61aa-5f24-a4bd-2517e96f085f', 'GB003', 'SUMMARY', 'Summary', 'Postpartum care for mother and newborn.', 1) ON CONFLICT (section_id) DO NOTHING;
INSERT INTO dinc_metadata.guidebook_section (section_id, guidebook_code, section_type, section_title, content, display_order) VALUES ('3e0e95a9-cb9b-5b21-943c-c572f2db772d', 'GB003', 'KEY_STEPS', 'Key Steps', 'Promote breastfeeding; Monitor maternal recovery; Counsel on family planning; Schedule PNC visits.', 2) ON CONFLICT (section_id) DO NOTHING;
INSERT INTO dinc_metadata.guidebook_section (section_id, guidebook_code, section_type, section_title, content, display_order) VALUES ('5df4f22a-5e53-5584-a264-437bd148b49f', 'GB003', 'ESCALATION_CRITERIA', 'Escalation Criteria', 'Heavy bleeding; Fever; Breast infection; Postpartum depression symptoms.', 3) ON CONFLICT (section_id) DO NOTHING;
INSERT INTO dinc_metadata.guidebook_section (section_id, guidebook_code, section_type, section_title, content, display_order) VALUES ('251bad91-909b-52fc-a657-3e8f3b96e454', 'GB004', 'SUMMARY', 'Summary', 'Newborn care and infant health monitoring.', 1) ON CONFLICT (section_id) DO NOTHING;
INSERT INTO dinc_metadata.guidebook_section (section_id, guidebook_code, section_type, section_title, content, display_order) VALUES ('5c3b073d-66bb-5e68-b156-559e841a41a1', 'GB004', 'KEY_STEPS', 'Key Steps', 'Promote exclusive breastfeeding; Follow immunization schedule; Monitor growth; Counsel caregivers.', 2) ON CONFLICT (section_id) DO NOTHING;
INSERT INTO dinc_metadata.guidebook_section (section_id, guidebook_code, section_type, section_title, content, display_order) VALUES ('5e741aec-01a3-50a7-8c98-5c0c53f27e8e', 'GB004', 'ESCALATION_CRITERIA', 'Escalation Criteria', 'Poor feeding; Fever; Respiratory distress; Convulsions.', 3) ON CONFLICT (section_id) DO NOTHING;
INSERT INTO dinc_metadata.guidebook_section (section_id, guidebook_code, section_type, section_title, content, display_order) VALUES ('afe34f9b-8784-5483-826f-0447252ebdc7', 'GB005', 'SUMMARY', 'Summary', 'TB treatment adherence and DOTS support.', 1) ON CONFLICT (section_id) DO NOTHING;
INSERT INTO dinc_metadata.guidebook_section (section_id, guidebook_code, section_type, section_title, content, display_order) VALUES ('f314173f-1b0a-5615-9693-8ca752b534b0', 'GB005', 'KEY_STEPS', 'Key Steps', 'Explain treatment regimen; Monitor adherence; Educate on cough hygiene; Support contact tracing.', 2) ON CONFLICT (section_id) DO NOTHING;
INSERT INTO dinc_metadata.guidebook_section (section_id, guidebook_code, section_type, section_title, content, display_order) VALUES ('cbb7a55a-7881-53d9-bb20-4acd9014c06e', 'GB005', 'ESCALATION_CRITERIA', 'Escalation Criteria', 'Drug side effects; Treatment interruption; Severe symptoms.', 3) ON CONFLICT (section_id) DO NOTHING;
INSERT INTO dinc_metadata.guidebook_section (section_id, guidebook_code, section_type, section_title, content, display_order) VALUES ('bf22890f-e5fa-5d43-aac0-d638be14a70b', 'GB006', 'SUMMARY', 'Summary', 'Malaria prevention and management.', 1) ON CONFLICT (section_id) DO NOTHING;
INSERT INTO dinc_metadata.guidebook_section (section_id, guidebook_code, section_type, section_title, content, display_order) VALUES ('93eba42f-9e02-5b42-8388-829ebf2ee29b', 'GB006', 'KEY_STEPS', 'Key Steps', 'Promote LLIN use; Ensure testing; Explain treatment; Follow-up recovery.', 2) ON CONFLICT (section_id) DO NOTHING;
INSERT INTO dinc_metadata.guidebook_section (section_id, guidebook_code, section_type, section_title, content, display_order) VALUES ('5ee82991-4c4d-5f9b-949f-42520a058a23', 'GB006', 'ESCALATION_CRITERIA', 'Escalation Criteria', 'Severe malaria symptoms; Altered consciousness; Persistent fever.', 3) ON CONFLICT (section_id) DO NOTHING;
INSERT INTO dinc_metadata.guidebook_section (section_id, guidebook_code, section_type, section_title, content, display_order) VALUES ('cb8f1fdf-00c6-5e35-b06b-58191c877d24', 'GB007', 'SUMMARY', 'Summary', 'Blood pressure management and lifestyle modification.', 1) ON CONFLICT (section_id) DO NOTHING;
INSERT INTO dinc_metadata.guidebook_section (section_id, guidebook_code, section_type, section_title, content, display_order) VALUES ('62710de8-f713-539d-9c5c-b249fba42ef8', 'GB007', 'KEY_STEPS', 'Key Steps', 'Monitor BP; Encourage DASH diet; Promote exercise; Reinforce medication adherence.', 2) ON CONFLICT (section_id) DO NOTHING;
INSERT INTO dinc_metadata.guidebook_section (section_id, guidebook_code, section_type, section_title, content, display_order) VALUES ('7e6e1887-ddf0-5a8f-9af3-22f6a400b141', 'GB007', 'ESCALATION_CRITERIA', 'Escalation Criteria', 'Very high BP; Chest pain; Stroke symptoms.', 3) ON CONFLICT (section_id) DO NOTHING;
INSERT INTO dinc_metadata.guidebook_section (section_id, guidebook_code, section_type, section_title, content, display_order) VALUES ('57c702b0-f3b9-5190-a08c-27f197227a66', 'GB008', 'SUMMARY', 'Summary', 'Diabetes management and complication prevention.', 1) ON CONFLICT (section_id) DO NOTHING;
INSERT INTO dinc_metadata.guidebook_section (section_id, guidebook_code, section_type, section_title, content, display_order) VALUES ('08a4f9ba-e260-5555-9f58-d082c1f284f1', 'GB008', 'KEY_STEPS', 'Key Steps', 'Monitor glucose; Encourage medication adherence; Promote healthy diet; Advise foot care.', 2) ON CONFLICT (section_id) DO NOTHING;
INSERT INTO dinc_metadata.guidebook_section (section_id, guidebook_code, section_type, section_title, content, display_order) VALUES ('618f2f17-1462-5afa-81d9-140c731ea310', 'GB008', 'ESCALATION_CRITERIA', 'Escalation Criteria', 'Hypoglycaemia; Hyperglycaemia; Foot ulcers; Vision loss.', 3) ON CONFLICT (section_id) DO NOTHING;
INSERT INTO dinc_metadata.guidebook_section (section_id, guidebook_code, section_type, section_title, content, display_order) VALUES ('05b8db65-8ab8-5f23-9ef6-2a1fbcb1711d', 'GB009', 'SUMMARY', 'Summary', 'CKD monitoring and kidney protection.', 1) ON CONFLICT (section_id) DO NOTHING;
INSERT INTO dinc_metadata.guidebook_section (section_id, guidebook_code, section_type, section_title, content, display_order) VALUES ('88c96163-7cf5-5a17-8cdd-d18c32f82d4e', 'GB009', 'KEY_STEPS', 'Key Steps', 'Monitor renal function; Control BP; Review medications; Provide dietary counselling.', 2) ON CONFLICT (section_id) DO NOTHING;
INSERT INTO dinc_metadata.guidebook_section (section_id, guidebook_code, section_type, section_title, content, display_order) VALUES ('2cb3df5f-8401-5808-8881-d8656cee75f0', 'GB009', 'ESCALATION_CRITERIA', 'Escalation Criteria', 'Rapid decline in renal function; Fluid overload; Severe electrolyte imbalance.', 3) ON CONFLICT (section_id) DO NOTHING;
INSERT INTO dinc_metadata.guidebook_section (section_id, guidebook_code, section_type, section_title, content, display_order) VALUES ('58225e80-850f-5f48-88ef-9095b51223ab', 'GB010', 'SUMMARY', 'Summary', 'Screening and support for common mental health disorders.', 1) ON CONFLICT (section_id) DO NOTHING;
INSERT INTO dinc_metadata.guidebook_section (section_id, guidebook_code, section_type, section_title, content, display_order) VALUES ('bce2b219-7f45-545a-9216-27314bf28143', 'GB010', 'KEY_STEPS', 'Key Steps', 'Assess symptoms; Provide counselling; Monitor treatment adherence; Refer when needed.', 2) ON CONFLICT (section_id) DO NOTHING;
INSERT INTO dinc_metadata.guidebook_section (section_id, guidebook_code, section_type, section_title, content, display_order) VALUES ('2f575a8d-5a31-52be-9223-8e061c0d2583', 'GB010', 'ESCALATION_CRITERIA', 'Escalation Criteria', 'Suicidal ideation; Psychosis; Severe depression.', 3) ON CONFLICT (section_id) DO NOTHING;
INSERT INTO dinc_metadata.guidebook_section (section_id, guidebook_code, section_type, section_title, content, display_order) VALUES ('3ceaff85-c985-5b76-9197-0e10315b649b', 'GB011', 'SUMMARY', 'Summary', 'Tobacco and alcohol cessation support.', 1) ON CONFLICT (section_id) DO NOTHING;
INSERT INTO dinc_metadata.guidebook_section (section_id, guidebook_code, section_type, section_title, content, display_order) VALUES ('aa0572b9-c0bd-5d6f-acc6-54f9cb581902', 'GB011', 'KEY_STEPS', 'Key Steps', 'Assess use patterns; Provide counselling; Offer cessation support; Schedule follow-up.', 2) ON CONFLICT (section_id) DO NOTHING;
INSERT INTO dinc_metadata.guidebook_section (section_id, guidebook_code, section_type, section_title, content, display_order) VALUES ('653a9cad-5dc8-5518-8952-565084faa447', 'GB011', 'ESCALATION_CRITERIA', 'Escalation Criteria', 'Withdrawal complications; Severe dependence.', 3) ON CONFLICT (section_id) DO NOTHING;
INSERT INTO dinc_metadata.guidebook_section (section_id, guidebook_code, section_type, section_title, content, display_order) VALUES ('8d8844f9-22d2-53e9-9bd4-1a684f753fc0', 'GB012', 'SUMMARY', 'Summary', 'Basic emergency response guidance.', 1) ON CONFLICT (section_id) DO NOTHING;
INSERT INTO dinc_metadata.guidebook_section (section_id, guidebook_code, section_type, section_title, content, display_order) VALUES ('1cca7bb8-66b1-57f6-aaa0-74f70d0911e3', 'GB012', 'KEY_STEPS', 'Key Steps', 'Assess airway; Support breathing; Maintain circulation; Arrange referral.', 2) ON CONFLICT (section_id) DO NOTHING;
INSERT INTO dinc_metadata.guidebook_section (section_id, guidebook_code, section_type, section_title, content, display_order) VALUES ('a3c71e1a-07c2-5998-ad4f-bfcc2841a63f', 'GB012', 'ESCALATION_CRITERIA', 'Escalation Criteria', 'Any life-threatening condition.', 3) ON CONFLICT (section_id) DO NOTHING;
INSERT INTO dinc_metadata.guidebook_section (section_id, guidebook_code, section_type, section_title, content, display_order) VALUES ('03ff4dbd-cb20-5f1f-b3be-cfd8db304290', 'GB013', 'SUMMARY', 'Summary', 'Geriatric assessment and preventive care.', 1) ON CONFLICT (section_id) DO NOTHING;
INSERT INTO dinc_metadata.guidebook_section (section_id, guidebook_code, section_type, section_title, content, display_order) VALUES ('07a0614c-55de-5caa-8863-181ebe7e8078', 'GB013', 'KEY_STEPS', 'Key Steps', 'Assess mobility; Review medications; Screen cognition; Promote nutrition.', 2) ON CONFLICT (section_id) DO NOTHING;
INSERT INTO dinc_metadata.guidebook_section (section_id, guidebook_code, section_type, section_title, content, display_order) VALUES ('9aee2e09-6993-5204-b7ea-8eacee20b204', 'GB013', 'ESCALATION_CRITERIA', 'Escalation Criteria', 'Falls; Acute confusion; Functional decline.', 3) ON CONFLICT (section_id) DO NOTHING;
INSERT INTO dinc_metadata.guidebook_section (section_id, guidebook_code, section_type, section_title, content, display_order) VALUES ('e7abe42c-92f6-5cae-9cc1-447780e2d56a', 'GB014', 'SUMMARY', 'Summary', 'Overview of public health schemes and benefits.', 1) ON CONFLICT (section_id) DO NOTHING;
INSERT INTO dinc_metadata.guidebook_section (section_id, guidebook_code, section_type, section_title, content, display_order) VALUES ('abbca3bf-7281-570a-a112-a55c929b46e7', 'GB014', 'KEY_STEPS', 'Key Steps', 'Verify eligibility; Explain benefits; Assist enrolment; Track utilization.', 2) ON CONFLICT (section_id) DO NOTHING;
INSERT INTO dinc_metadata.guidebook_section (section_id, guidebook_code, section_type, section_title, content, display_order) VALUES ('c9123cfc-7cff-5c1c-b62e-132e20a0ead1', 'GB014', 'ESCALATION_CRITERIA', 'Escalation Criteria', 'Complex eligibility issues requiring supervisor review.', 3) ON CONFLICT (section_id) DO NOTHING;
INSERT INTO dinc_metadata.guidebook_section (section_id, guidebook_code, section_type, section_title, content, display_order) VALUES ('e2d35379-190f-5ae2-8a5b-bdc19e4d57bc', 'GB015', 'SUMMARY', 'Summary', 'Quick answers to common healthcare questions.', 1) ON CONFLICT (section_id) DO NOTHING;
INSERT INTO dinc_metadata.guidebook_section (section_id, guidebook_code, section_type, section_title, content, display_order) VALUES ('17843fd4-3644-50d2-bd37-53ae00c1bfe9', 'GB015', 'KEY_STEPS', 'Key Steps', 'Search FAQs; Verify information; Provide standard guidance.', 2) ON CONFLICT (section_id) DO NOTHING;
INSERT INTO dinc_metadata.guidebook_section (section_id, guidebook_code, section_type, section_title, content, display_order) VALUES ('ade75b9b-ecb6-588f-8be8-384282dfccd8', 'GB015', 'ESCALATION_CRITERIA', 'Escalation Criteria', 'Escalate when information is unavailable or unclear.', 3) ON CONFLICT (section_id) DO NOTHING;

-- ---- guidebook_discovery_rule (15 rows, from worksheet 'Guidebook_Discovery_Rule') ----
INSERT INTO dinc_metadata.guidebook_discovery_rule (rule_id, pattern, guidebook_code, sort_order, is_active) VALUES ('c5669fac-aa74-5b78-8577-73fcb2e2966f', '(t2dm|t1dm|diabet|hba1c|gestational diabetes|blood sugar|glycaem|glycem)', 'GB008', 0, TRUE) ON CONFLICT (rule_id) DO NOTHING;
INSERT INTO dinc_metadata.guidebook_discovery_rule (rule_id, pattern, guidebook_code, sort_order, is_active) VALUES ('2b77b0b5-a7ce-5eb4-9ae5-13e45e7342cf', '(chronic kidney|renal|\bckd\b|nephro|dialysis|egfr)', 'GB009', 1, TRUE) ON CONFLICT (rule_id) DO NOTHING;
INSERT INTO dinc_metadata.guidebook_discovery_rule (rule_id, pattern, guidebook_code, sort_order, is_active) VALUES ('d6bd55a1-f048-50cc-8943-aad44fb46576', '(tuberculosis|\btb\b|\bdots\b|pulmonary tb|drug-resistant|extrapulmonary|nikshay)', 'GB005', 2, TRUE) ON CONFLICT (rule_id) DO NOTHING;
INSERT INTO dinc_metadata.guidebook_discovery_rule (rule_id, pattern, guidebook_code, sort_order, is_active) VALUES ('7afc2649-b6d3-56f8-a05f-e316776e2e7f', '(malaria|kala-?azar|filaria|vector.?borne|dengue)', 'GB006', 3, TRUE) ON CONFLICT (rule_id) DO NOTHING;
INSERT INTO dinc_metadata.guidebook_discovery_rule (rule_id, pattern, guidebook_code, sort_order, is_active) VALUES ('7a07a6e5-a6fe-5b6b-95e0-c316a5a19200', '(postnatal|post-?natal|\bpnc\b|postpartum)', 'GB003', 4, TRUE) ON CONFLICT (rule_id) DO NOTHING;
INSERT INTO dinc_metadata.guidebook_discovery_rule (rule_id, pattern, guidebook_code, sort_order, is_active) VALUES ('a853fb64-405e-515e-84fa-2dd47a4ea871', '(eligible couple|preconception)', 'GB001', 5, TRUE) ON CONFLICT (rule_id) DO NOTHING;
INSERT INTO dinc_metadata.guidebook_discovery_rule (rule_id, pattern, guidebook_code, sort_order, is_active) VALUES ('dd0c4bfc-0381-57fb-a00e-8cb0be796e9b', '(antenatal|\banc\b|prenatal|pregnan|trimester|\bbpcr\b|anomaly scan|\bpih\b)', 'GB002', 6, TRUE) ON CONFLICT (rule_id) DO NOTHING;
INSERT INTO dinc_metadata.guidebook_discovery_rule (rule_id, pattern, guidebook_code, sort_order, is_active) VALUES ('502f98bb-d731-5674-8585-f165c14352f2', '(newborn|neonat|\binfant\b|immunis|immuniz|breastfeed|child health|under-?5|toddler|infancy)', 'GB004', 7, TRUE) ON CONFLICT (rule_id) DO NOTHING;
INSERT INTO dinc_metadata.guidebook_discovery_rule (rule_id, pattern, guidebook_code, sort_order, is_active) VALUES ('2c4866b3-7ee3-5352-a60e-9759e96aa32f', '(substance|de-?addiction|addiction|tobacco|alcohol|smoking|opioid)', 'GB011', 8, TRUE) ON CONFLICT (rule_id) DO NOTHING;
INSERT INTO dinc_metadata.guidebook_discovery_rule (rule_id, pattern, guidebook_code, sort_order, is_active) VALUES ('5b239604-9588-5963-85c7-14c5f398ca9d', '(depress|anxiety|mental|psychiat|bipolar|schizophren|mood disorder|gad|panic)', 'GB010', 9, TRUE) ON CONFLICT (rule_id) DO NOTHING;
INSERT INTO dinc_metadata.guidebook_discovery_rule (rule_id, pattern, guidebook_code, sort_order, is_active) VALUES ('48672bc8-8a68-5347-8bad-125992db30a5', '(emergency|first aid|\bcpr\b|snakebite|burns|anaphylax|trauma|accident|poisoning|falls)', 'GB012', 10, TRUE) ON CONFLICT (rule_id) DO NOTHING;
INSERT INTO dinc_metadata.guidebook_discovery_rule (rule_id, pattern, guidebook_code, sort_order, is_active) VALUES ('36f1b129-1e8c-5591-a33d-ab2cef80852b', '(hypertension|blood pressure|\bbp\b|cardiovascular|\bcvd\b|cardiac|coronary|heart|stroke)', 'GB007', 11, TRUE) ON CONFLICT (rule_id) DO NOTHING;
INSERT INTO dinc_metadata.guidebook_discovery_rule (rule_id, pattern, guidebook_code, sort_order, is_active) VALUES ('0c7e7329-c5f8-5fd0-a597-c1f489417c4c', '(elderly|geriatr|frailt|palliativ|dementia|alzheimer|osteoarth|degenerative)', 'GB013', 12, TRUE) ON CONFLICT (rule_id) DO NOTHING;
INSERT INTO dinc_metadata.guidebook_discovery_rule (rule_id, pattern, guidebook_code, sort_order, is_active) VALUES ('0e6c7208-811f-503b-b049-5a495e673a5f', '(scheme|pm-?jay|ayushman|\bjsy\b|\bjssk\b|pmmvy|\babha\b|insurance)', 'GB014', 13, TRUE) ON CONFLICT (rule_id) DO NOTHING;
INSERT INTO dinc_metadata.guidebook_discovery_rule (rule_id, pattern, guidebook_code, sort_order, is_active) VALUES ('92c51b7b-03bc-51a4-87d9-bfd7d0dbdb35', '(\bfaq\b|frequently asked|screening)', 'GB015', 14, TRUE) ON CONFLICT (rule_id) DO NOTHING;

-- ---- guidebook_mapping (16 rows, from worksheet 'Guidebook_Mapping') ----
INSERT INTO dinc_metadata.guidebook_mapping (mapping_id, guidebook_code, scope_level, scope_code, display_order, is_active) VALUES ('383817cc-95d5-5375-8e25-935bbebafccb', 'GB001', 'PROGRAMME', 'PRG-001', 1, TRUE) ON CONFLICT (mapping_id) DO NOTHING;
INSERT INTO dinc_metadata.guidebook_mapping (mapping_id, guidebook_code, scope_level, scope_code, display_order, is_active) VALUES ('99a4a76e-e28a-5bf4-a5b4-3a7288652b52', 'GB002', 'PROGRAMME', 'PRG-001', 2, TRUE) ON CONFLICT (mapping_id) DO NOTHING;
INSERT INTO dinc_metadata.guidebook_mapping (mapping_id, guidebook_code, scope_level, scope_code, display_order, is_active) VALUES ('e66a36b4-7bf7-56dc-a8fe-0cae9e6dd89b', 'GB003', 'PROGRAMME', 'PRG-001', 3, TRUE) ON CONFLICT (mapping_id) DO NOTHING;
INSERT INTO dinc_metadata.guidebook_mapping (mapping_id, guidebook_code, scope_level, scope_code, display_order, is_active) VALUES ('b1224838-7a27-56dc-9a64-a73bd2f7c988', 'GB004', 'PROGRAMME', 'PRG-002', 1, TRUE) ON CONFLICT (mapping_id) DO NOTHING;
INSERT INTO dinc_metadata.guidebook_mapping (mapping_id, guidebook_code, scope_level, scope_code, display_order, is_active) VALUES ('e7f09a7c-5a4b-55ee-97ef-bc303fa0df8e', 'GB004', 'PROGRAMME', 'PRG-003', 1, TRUE) ON CONFLICT (mapping_id) DO NOTHING;
INSERT INTO dinc_metadata.guidebook_mapping (mapping_id, guidebook_code, scope_level, scope_code, display_order, is_active) VALUES ('1f77f64b-1bb0-5c2c-b390-b78a452ac838', 'GB005', 'PROGRAMME', 'PRG-005', 1, TRUE) ON CONFLICT (mapping_id) DO NOTHING;
INSERT INTO dinc_metadata.guidebook_mapping (mapping_id, guidebook_code, scope_level, scope_code, display_order, is_active) VALUES ('8985d63f-1260-5cd4-bca6-2a2625846261', 'GB006', 'PROGRAMME', 'PRG-005', 2, TRUE) ON CONFLICT (mapping_id) DO NOTHING;
INSERT INTO dinc_metadata.guidebook_mapping (mapping_id, guidebook_code, scope_level, scope_code, display_order, is_active) VALUES ('b3b9ec71-59be-530b-8ed7-218750c75754', 'GB007', 'PROGRAMME', 'PRG-007', 1, TRUE) ON CONFLICT (mapping_id) DO NOTHING;
INSERT INTO dinc_metadata.guidebook_mapping (mapping_id, guidebook_code, scope_level, scope_code, display_order, is_active) VALUES ('4c4bff2f-c9da-5e80-bef0-1496f983911f', 'GB008', 'PROGRAMME', 'PRG-007', 2, TRUE) ON CONFLICT (mapping_id) DO NOTHING;
INSERT INTO dinc_metadata.guidebook_mapping (mapping_id, guidebook_code, scope_level, scope_code, display_order, is_active) VALUES ('162fa82d-020c-5721-8081-d4c5572cd135', 'GB009', 'PROGRAMME', 'PRG-007', 3, TRUE) ON CONFLICT (mapping_id) DO NOTHING;
INSERT INTO dinc_metadata.guidebook_mapping (mapping_id, guidebook_code, scope_level, scope_code, display_order, is_active) VALUES ('38131d4a-f43f-5dc8-88da-5af50300bf0c', 'GB010', 'PROGRAMME', 'PRG-008', 1, TRUE) ON CONFLICT (mapping_id) DO NOTHING;
INSERT INTO dinc_metadata.guidebook_mapping (mapping_id, guidebook_code, scope_level, scope_code, display_order, is_active) VALUES ('f9a10276-e50c-5717-9fa4-28f68d7f4980', 'GB011', 'PROGRAMME', 'PRG-008', 2, TRUE) ON CONFLICT (mapping_id) DO NOTHING;
INSERT INTO dinc_metadata.guidebook_mapping (mapping_id, guidebook_code, scope_level, scope_code, display_order, is_active) VALUES ('d2f9e236-eedd-53c4-868f-ee17d3467879', 'GB012', 'PROGRAMME', 'PRG-012', 1, TRUE) ON CONFLICT (mapping_id) DO NOTHING;
INSERT INTO dinc_metadata.guidebook_mapping (mapping_id, guidebook_code, scope_level, scope_code, display_order, is_active) VALUES ('f182eb31-a42e-5482-af2a-8f13d8b8df45', 'GB013', 'PROGRAMME', 'PRG-011', 1, TRUE) ON CONFLICT (mapping_id) DO NOTHING;
INSERT INTO dinc_metadata.guidebook_mapping (mapping_id, guidebook_code, scope_level, scope_code, display_order, is_active) VALUES ('fc0c6bf2-9d15-57db-aa6b-13fb8feeb705', 'GB014', 'GLOBAL', 'ALL', 1, TRUE) ON CONFLICT (mapping_id) DO NOTHING;
INSERT INTO dinc_metadata.guidebook_mapping (mapping_id, guidebook_code, scope_level, scope_code, display_order, is_active) VALUES ('6b8ca3e2-ecd7-5492-8e5b-1a0f9075f102', 'GB015', 'GLOBAL', 'ALL', 2, TRUE) ON CONFLICT (mapping_id) DO NOTHING;

-- ---- faq (27 rows, from worksheet 'FAQ') ----
INSERT INTO dinc_metadata.faq (faq_code, category, question, answer, is_active) VALUES ('FAQ-001', 'General', 'What is CPHC?', 'CPHC is a comprehensive primary healthcare operations and care management platform designed for NHM Assam. It helps healthcare workers manage patients, care programs, follow-up activities, clinical protocols, and health outcomes.', TRUE) ON CONFLICT (faq_code) DO NOTHING;
INSERT INTO dinc_metadata.faq (faq_code, category, question, answer, is_active) VALUES ('FAQ-002', 'General', 'Who should use CPHC?', 'CPHC is designed for healthcare workers including doctors, nurses, ASHA workers, ANMs, community health officers, and supervisors.', TRUE) ON CONFLICT (faq_code) DO NOTHING;
INSERT INTO dinc_metadata.faq (faq_code, category, question, answer, is_active) VALUES ('FAQ-003', 'General', 'Is patient information confidential?', 'Yes. Patient information is protected through role-based access controls, audit logging, secure authentication, and encrypted data storage.', TRUE) ON CONFLICT (faq_code) DO NOTHING;
INSERT INTO dinc_metadata.faq (faq_code, category, question, answer, is_active) VALUES ('FAQ-004', 'Patient Care', 'How do I enroll a patient?', 'Open the Patients section, create a new patient record, enter demographic details, assign relevant programs, and save the record.', TRUE) ON CONFLICT (faq_code) DO NOTHING;
INSERT INTO dinc_metadata.faq (faq_code, category, question, answer, is_active) VALUES ('FAQ-005', 'Patient Care', 'What programs can I assign to a patient?', 'Common programs include Immunization, Maternal Health, Child Health, Diabetes, Hypertension, Mental Health, Elderly Care, TB, and other disease-specific programs.', TRUE) ON CONFLICT (faq_code) DO NOTHING;
INSERT INTO dinc_metadata.faq (faq_code, category, question, answer, is_active) VALUES ('FAQ-006', 'Patient Care', 'How do I update patient information?', 'Open the patient record, edit the required fields, and save the changes. Updates are automatically reflected across related activities and records.', TRUE) ON CONFLICT (faq_code) DO NOTHING;
INSERT INTO dinc_metadata.faq (faq_code, category, question, answer, is_active) VALUES ('FAQ-007', 'Worklist', 'What is a worklist item?', 'A worklist item is a healthcare activity assigned to a healthcare worker for a specific patient, such as a follow-up call, assessment, counseling session, or vaccination visit.', TRUE) ON CONFLICT (faq_code) DO NOTHING;
INSERT INTO dinc_metadata.faq (faq_code, category, question, answer, is_active) VALUES ('FAQ-008', 'Worklist', 'How do I track overdue activities?', 'The dashboard highlights overdue activities. You can view, prioritize, and reschedule overdue tasks as needed.', TRUE) ON CONFLICT (faq_code) DO NOTHING;
INSERT INTO dinc_metadata.faq (faq_code, category, question, answer, is_active) VALUES ('FAQ-009', 'Worklist', 'Can I assign tasks to team members?', 'Yes. Activities can be assigned to authorized team members based on their role and responsibilities.', TRUE) ON CONFLICT (faq_code) DO NOTHING;
INSERT INTO dinc_metadata.faq (faq_code, category, question, answer, is_active) VALUES ('FAQ-010', 'Guidelines', 'How do I access clinical guidelines?', 'Open the Guidebooks section and browse the available clinical protocols, disease management guides, and care pathways.', TRUE) ON CONFLICT (faq_code) DO NOTHING;
INSERT INTO dinc_metadata.faq (faq_code, category, question, answer, is_active) VALUES ('FAQ-011', 'Guidelines', 'Are clinical guidelines updated regularly?', 'Yes. Guidelines are reviewed and updated periodically based on approved public health and clinical recommendations.', TRUE) ON CONFLICT (faq_code) DO NOTHING;
INSERT INTO dinc_metadata.faq (faq_code, category, question, answer, is_active) VALUES ('FAQ-012', 'Training', 'What training modules are available?', 'Training modules may include clinical skills, patient communication, disease management, public health programs, and emergency response topics.', TRUE) ON CONFLICT (faq_code) DO NOTHING;
INSERT INTO dinc_metadata.faq (faq_code, category, question, answer, is_active) VALUES ('FAQ-013', 'Training', 'How do I complete a training module?', 'Open the Training section, select a module, review the content, complete any assessments, and submit your responses.', TRUE) ON CONFLICT (faq_code) DO NOTHING;
INSERT INTO dinc_metadata.faq (faq_code, category, question, answer, is_active) VALUES ('FAQ-014', 'FAQ', 'Where is patient data stored?', 'Patient information is stored securely in a PostgreSQL database with appropriate access controls and backup mechanisms.', TRUE) ON CONFLICT (faq_code) DO NOTHING;
INSERT INTO dinc_metadata.faq (faq_code, category, question, answer, is_active) VALUES ('FAQ-015', 'FAQ', 'Can I export patient records?', 'Authorized users can export approved data and reports based on their assigned permissions.', TRUE) ON CONFLICT (faq_code) DO NOTHING;
INSERT INTO dinc_metadata.faq (faq_code, category, question, answer, is_active) VALUES ('FAQ-016', 'FAQ', 'What should I do if I encounter an error?', 'Record the error details and notify the system administrator or support team for assistance.', TRUE) ON CONFLICT (faq_code) DO NOTHING;
INSERT INTO dinc_metadata.faq (faq_code, category, question, answer, is_active) VALUES ('FAQ-017', 'Technical', 'Which web browsers are supported?', 'Latest versions of Chrome, Firefox, Edge, and Safari are recommended for optimal performance.', TRUE) ON CONFLICT (faq_code) DO NOTHING;
INSERT INTO dinc_metadata.faq (faq_code, category, question, answer, is_active) VALUES ('FAQ-018', 'Technical', 'Can I use CPHC offline?', 'An internet connection is generally required. Offline capabilities may be available depending on future system enhancements.', TRUE) ON CONFLICT (faq_code) DO NOTHING;
INSERT INTO dinc_metadata.faq (faq_code, category, question, answer, is_active) VALUES ('FAQ-019', 'Technical', 'How often is the system maintained?', 'Maintenance activities are performed periodically. Planned maintenance schedules are communicated in advance.', TRUE) ON CONFLICT (faq_code) DO NOTHING;
INSERT INTO dinc_metadata.faq (faq_code, category, question, answer, is_active) VALUES ('FAQ-020', 'Compliance', 'How is patient data protected?', 'Patient information is protected through authentication, authorization controls, audit logs, encrypted storage, and secure communication channels.', TRUE) ON CONFLICT (faq_code) DO NOTHING;
INSERT INTO dinc_metadata.faq (faq_code, category, question, answer, is_active) VALUES ('FAQ-021', 'Compliance', 'Who can access patient information?', 'Only authorized healthcare workers with appropriate permissions can access patient information relevant to their responsibilities.', TRUE) ON CONFLICT (faq_code) DO NOTHING;
INSERT INTO dinc_metadata.faq (faq_code, category, question, answer, is_active) VALUES ('FAQ-022', 'Support', 'What should I do if I forget my password?', 'Use the password reset option or contact the system administrator for assistance.', TRUE) ON CONFLICT (faq_code) DO NOTHING;
INSERT INTO dinc_metadata.faq (faq_code, category, question, answer, is_active) VALUES ('FAQ-023', 'Support', 'How can I obtain technical support?', 'Contact your designated support team, facility administrator, or help desk for technical assistance.', TRUE) ON CONFLICT (faq_code) DO NOTHING;
INSERT INTO dinc_metadata.faq (faq_code, category, question, answer, is_active) VALUES ('FAQ-024', 'Programs', 'What is a program?', 'A program is a healthcare initiative such as Diabetes Management, Maternal Health, TB Care, or Immunization that organizes patient care activities.', TRUE) ON CONFLICT (faq_code) DO NOTHING;
INSERT INTO dinc_metadata.faq (faq_code, category, question, answer, is_active) VALUES ('FAQ-025', 'Programs', 'What is an event?', 'An event is a scheduled healthcare activity associated with a disease or program, such as an assessment, review, follow-up call, or vaccination visit.', TRUE) ON CONFLICT (faq_code) DO NOTHING;
INSERT INTO dinc_metadata.faq (faq_code, category, question, answer, is_active) VALUES ('FAQ-026', 'Programs', 'What is an outcome template?', 'An outcome template defines the form and fields used to record the outcome of a healthcare activity or patient interaction.', TRUE) ON CONFLICT (faq_code) DO NOTHING;
INSERT INTO dinc_metadata.faq (faq_code, category, question, answer, is_active) VALUES ('FAQ-027', 'Programs', 'What is a worklist item?', 'A worklist item is a specific task generated from a program event that requires action by a healthcare worker.', TRUE) ON CONFLICT (faq_code) DO NOTHING;

-- ---- faq_mapping (27 rows, from worksheet 'FAQ_Mapping') ----
INSERT INTO dinc_metadata.faq_mapping (mapping_id, faq_code, scope_level, scope_code, display_order, is_active) VALUES ('cb4d0f72-8fa9-56ab-aa31-fc7d0156f2e4', 'FAQ-001', 'GLOBAL', 'ALL', 1, TRUE) ON CONFLICT (mapping_id) DO NOTHING;
INSERT INTO dinc_metadata.faq_mapping (mapping_id, faq_code, scope_level, scope_code, display_order, is_active) VALUES ('ae7e911f-35ca-538d-971a-25576e0a05e7', 'FAQ-002', 'GLOBAL', 'ALL', 2, TRUE) ON CONFLICT (mapping_id) DO NOTHING;
INSERT INTO dinc_metadata.faq_mapping (mapping_id, faq_code, scope_level, scope_code, display_order, is_active) VALUES ('a4ccbdcf-f345-5687-9712-ba46a5bf0cb9', 'FAQ-003', 'GLOBAL', 'ALL', 3, TRUE) ON CONFLICT (mapping_id) DO NOTHING;
INSERT INTO dinc_metadata.faq_mapping (mapping_id, faq_code, scope_level, scope_code, display_order, is_active) VALUES ('e2d546fa-c69f-55e9-a096-ac3ee45bb29e', 'FAQ-004', 'GLOBAL', 'ALL', 4, TRUE) ON CONFLICT (mapping_id) DO NOTHING;
INSERT INTO dinc_metadata.faq_mapping (mapping_id, faq_code, scope_level, scope_code, display_order, is_active) VALUES ('221a6398-f32b-56aa-a5e6-248d5ee5f537', 'FAQ-005', 'GLOBAL', 'ALL', 5, TRUE) ON CONFLICT (mapping_id) DO NOTHING;
INSERT INTO dinc_metadata.faq_mapping (mapping_id, faq_code, scope_level, scope_code, display_order, is_active) VALUES ('504e8a71-97c3-5ab5-94b7-ad6ad9909738', 'FAQ-006', 'GLOBAL', 'ALL', 6, TRUE) ON CONFLICT (mapping_id) DO NOTHING;
INSERT INTO dinc_metadata.faq_mapping (mapping_id, faq_code, scope_level, scope_code, display_order, is_active) VALUES ('6207c5c7-3283-54fe-a7c8-671fe9ecd438', 'FAQ-007', 'GLOBAL', 'ALL', 7, TRUE) ON CONFLICT (mapping_id) DO NOTHING;
INSERT INTO dinc_metadata.faq_mapping (mapping_id, faq_code, scope_level, scope_code, display_order, is_active) VALUES ('20f10314-f423-5589-821b-197a5016abfe', 'FAQ-008', 'GLOBAL', 'ALL', 8, TRUE) ON CONFLICT (mapping_id) DO NOTHING;
INSERT INTO dinc_metadata.faq_mapping (mapping_id, faq_code, scope_level, scope_code, display_order, is_active) VALUES ('6678ef7b-7775-51b7-8af6-2cfbe673c2fe', 'FAQ-009', 'GLOBAL', 'ALL', 9, TRUE) ON CONFLICT (mapping_id) DO NOTHING;
INSERT INTO dinc_metadata.faq_mapping (mapping_id, faq_code, scope_level, scope_code, display_order, is_active) VALUES ('6a7c112c-a443-54c1-acc9-a5fb47af2fed', 'FAQ-010', 'GLOBAL', 'ALL', 10, TRUE) ON CONFLICT (mapping_id) DO NOTHING;
INSERT INTO dinc_metadata.faq_mapping (mapping_id, faq_code, scope_level, scope_code, display_order, is_active) VALUES ('85654e48-db1d-5db7-8264-b549502ba877', 'FAQ-011', 'GLOBAL', 'ALL', 11, TRUE) ON CONFLICT (mapping_id) DO NOTHING;
INSERT INTO dinc_metadata.faq_mapping (mapping_id, faq_code, scope_level, scope_code, display_order, is_active) VALUES ('2cb2f730-45b8-5a43-9189-2391fc34a5f5', 'FAQ-012', 'GLOBAL', 'ALL', 12, TRUE) ON CONFLICT (mapping_id) DO NOTHING;
INSERT INTO dinc_metadata.faq_mapping (mapping_id, faq_code, scope_level, scope_code, display_order, is_active) VALUES ('d8c6e084-cd6a-53a6-90e6-b9e886b5ecc3', 'FAQ-013', 'GLOBAL', 'ALL', 13, TRUE) ON CONFLICT (mapping_id) DO NOTHING;
INSERT INTO dinc_metadata.faq_mapping (mapping_id, faq_code, scope_level, scope_code, display_order, is_active) VALUES ('dd1a4f5f-101f-5329-acbe-dd82c5ae496a', 'FAQ-014', 'GLOBAL', 'ALL', 14, TRUE) ON CONFLICT (mapping_id) DO NOTHING;
INSERT INTO dinc_metadata.faq_mapping (mapping_id, faq_code, scope_level, scope_code, display_order, is_active) VALUES ('e8a81662-ec49-5d3f-a698-653c8cfc9644', 'FAQ-015', 'GLOBAL', 'ALL', 15, TRUE) ON CONFLICT (mapping_id) DO NOTHING;
INSERT INTO dinc_metadata.faq_mapping (mapping_id, faq_code, scope_level, scope_code, display_order, is_active) VALUES ('1307ce77-58f0-55f4-baae-87513782437c', 'FAQ-016', 'GLOBAL', 'ALL', 16, TRUE) ON CONFLICT (mapping_id) DO NOTHING;
INSERT INTO dinc_metadata.faq_mapping (mapping_id, faq_code, scope_level, scope_code, display_order, is_active) VALUES ('1de4833a-5b0e-56d3-9415-e4f6f583e9fa', 'FAQ-017', 'GLOBAL', 'ALL', 17, TRUE) ON CONFLICT (mapping_id) DO NOTHING;
INSERT INTO dinc_metadata.faq_mapping (mapping_id, faq_code, scope_level, scope_code, display_order, is_active) VALUES ('3a093d4d-e952-5a64-9c86-844191e68f16', 'FAQ-018', 'GLOBAL', 'ALL', 18, TRUE) ON CONFLICT (mapping_id) DO NOTHING;
INSERT INTO dinc_metadata.faq_mapping (mapping_id, faq_code, scope_level, scope_code, display_order, is_active) VALUES ('d3202377-4772-50ee-89c8-8959d46766b0', 'FAQ-019', 'GLOBAL', 'ALL', 19, TRUE) ON CONFLICT (mapping_id) DO NOTHING;
INSERT INTO dinc_metadata.faq_mapping (mapping_id, faq_code, scope_level, scope_code, display_order, is_active) VALUES ('accb71ec-dcc0-51ab-9c53-33a5925b4bc5', 'FAQ-020', 'GLOBAL', 'ALL', 20, TRUE) ON CONFLICT (mapping_id) DO NOTHING;
INSERT INTO dinc_metadata.faq_mapping (mapping_id, faq_code, scope_level, scope_code, display_order, is_active) VALUES ('1425b6d0-60c8-50d3-a244-d911ecc671ea', 'FAQ-021', 'GLOBAL', 'ALL', 21, TRUE) ON CONFLICT (mapping_id) DO NOTHING;
INSERT INTO dinc_metadata.faq_mapping (mapping_id, faq_code, scope_level, scope_code, display_order, is_active) VALUES ('7cdef29c-b4f0-5012-83de-93c500df0580', 'FAQ-022', 'GLOBAL', 'ALL', 22, TRUE) ON CONFLICT (mapping_id) DO NOTHING;
INSERT INTO dinc_metadata.faq_mapping (mapping_id, faq_code, scope_level, scope_code, display_order, is_active) VALUES ('f6090f1c-82e8-5df7-9682-5de72f61f4fc', 'FAQ-023', 'GLOBAL', 'ALL', 23, TRUE) ON CONFLICT (mapping_id) DO NOTHING;
INSERT INTO dinc_metadata.faq_mapping (mapping_id, faq_code, scope_level, scope_code, display_order, is_active) VALUES ('131dc99d-de8d-5644-bf68-56d20c33de3f', 'FAQ-024', 'GLOBAL', 'ALL', 24, TRUE) ON CONFLICT (mapping_id) DO NOTHING;
INSERT INTO dinc_metadata.faq_mapping (mapping_id, faq_code, scope_level, scope_code, display_order, is_active) VALUES ('b18fbf5e-176e-5516-a0fd-4455679b26a4', 'FAQ-025', 'GLOBAL', 'ALL', 25, TRUE) ON CONFLICT (mapping_id) DO NOTHING;
INSERT INTO dinc_metadata.faq_mapping (mapping_id, faq_code, scope_level, scope_code, display_order, is_active) VALUES ('9529813e-258b-59ce-bfc9-ba054c6fc598', 'FAQ-026', 'GLOBAL', 'ALL', 26, TRUE) ON CONFLICT (mapping_id) DO NOTHING;
INSERT INTO dinc_metadata.faq_mapping (mapping_id, faq_code, scope_level, scope_code, display_order, is_active) VALUES ('e6eb85de-1082-51b9-b6b9-e8c20f657289', 'FAQ-027', 'GLOBAL', 'ALL', 27, TRUE) ON CONFLICT (mapping_id) DO NOTHING;

-- ---- nutrition_advice (45 rows, from worksheet 'Nutrition_Advice') ----
INSERT INTO dinc_metadata.nutrition_advice (advice_id, advice_code, category, advice_text, is_active) VALUES ('f9e63aef-e210-53d5-86a1-42f063e3c64e', 'NUT-001', 'MATERNAL', 'Iron-rich foods: green leafy vegetables, lentils, beans, dates, jaggery daily', TRUE) ON CONFLICT (advice_id) DO NOTHING;
INSERT INTO dinc_metadata.nutrition_advice (advice_id, advice_code, category, advice_text, is_active) VALUES ('2ab616e1-5a62-5eb6-9a67-17d6ba666329', 'NUT-002', 'MATERNAL', 'Protein: 1 egg, 1 glass milk, or 2 cups dal every day', TRUE) ON CONFLICT (advice_id) DO NOTHING;
INSERT INTO dinc_metadata.nutrition_advice (advice_id, advice_code, category, advice_text, is_active) VALUES ('bc54791b-fd65-512c-992c-17604b75bc7b', 'NUT-003', 'MATERNAL', 'Calcium: milk, curd, sesame seeds, ragi - supports fetal bone development', TRUE) ON CONFLICT (advice_id) DO NOTHING;
INSERT INTO dinc_metadata.nutrition_advice (advice_id, advice_code, category, advice_text, is_active) VALUES ('b2c4dc73-52a9-582e-96df-494660e3c437', 'NUT-004', 'MATERNAL', 'Avoid raw papaya, excess vitamin A (liver), unpasteurised dairy', TRUE) ON CONFLICT (advice_id) DO NOTHING;
INSERT INTO dinc_metadata.nutrition_advice (advice_id, advice_code, category, advice_text, is_active) VALUES ('c1d55fe8-7a4d-5652-b7a6-30cb71059f69', 'NUT-005', 'MATERNAL', 'Hydration: 8-10 glasses water/day; reduce salt to prevent BP rise', TRUE) ON CONFLICT (advice_id) DO NOTHING;
INSERT INTO dinc_metadata.nutrition_advice (advice_id, advice_code, category, advice_text, is_active) VALUES ('53142645-eb20-5f81-9b33-851bc23378dc', 'NUT-006', 'MATERNAL', 'Folic acid foods: leafy greens, legumes, citrus - especially in first trimester', TRUE) ON CONFLICT (advice_id) DO NOTHING;
INSERT INTO dinc_metadata.nutrition_advice (advice_id, advice_code, category, advice_text, is_active) VALUES ('6d79302a-79e6-5fd1-9e61-0430eea128c7', 'NUT-007', 'CHILD', '0-6 months: Exclusive breastfeeding only - no water, no formula', TRUE) ON CONFLICT (advice_id) DO NOTHING;
INSERT INTO dinc_metadata.nutrition_advice (advice_id, advice_code, category, advice_text, is_active) VALUES ('a46dfdd3-7e62-54b6-b43f-0d0a6669ca82', 'NUT-008', 'CHILD', '6-12 months: Mashed khichdi, dal-rice, banana, egg yolk 2-3 times/day', TRUE) ON CONFLICT (advice_id) DO NOTHING;
INSERT INTO dinc_metadata.nutrition_advice (advice_id, advice_code, category, advice_text, is_active) VALUES ('e7870ddd-a663-5dd0-be45-d2fca99ee8a3', 'NUT-009', 'CHILD', '12-24 months: Family foods (soft), 3 meals + 2 snacks; include eggs daily', TRUE) ON CONFLICT (advice_id) DO NOTHING;
INSERT INTO dinc_metadata.nutrition_advice (advice_id, advice_code, category, advice_text, is_active) VALUES ('a90b9ad0-fa7b-52f0-b813-28084f98d68e', 'NUT-010', 'CHILD', 'Avoid honey before 1 year, salt/sugar, junk food, sweetened drinks', TRUE) ON CONFLICT (advice_id) DO NOTHING;
INSERT INTO dinc_metadata.nutrition_advice (advice_id, advice_code, category, advice_text, is_active) VALUES ('fbbf4d1e-d433-590d-ab4c-45a9d5483c35', 'NUT-011', 'CHILD', 'Iron from green leafy vegetables, poha, ragi, meat', TRUE) ON CONFLICT (advice_id) DO NOTHING;
INSERT INTO dinc_metadata.nutrition_advice (advice_id, advice_code, category, advice_text, is_active) VALUES ('cdceeaf5-d036-5064-8858-4ec0b6c0999a', 'NUT-012', 'CHILD', 'Vitamin A: carrots, papaya, green leafy vegetables weekly', TRUE) ON CONFLICT (advice_id) DO NOTHING;
INSERT INTO dinc_metadata.nutrition_advice (advice_id, advice_code, category, advice_text, is_active) VALUES ('2d220d88-0db1-5d96-adfd-0934d1113a8e', 'NUT-013', 'COMMUNICABLE', 'High-protein diet to support recovery: dal, eggs, milk, chicken', TRUE) ON CONFLICT (advice_id) DO NOTHING;
INSERT INTO dinc_metadata.nutrition_advice (advice_id, advice_code, category, advice_text, is_active) VALUES ('b14fe117-5878-5bf8-98bf-b586395db1f0', 'NUT-014', 'COMMUNICABLE', 'TB patients: calorie-dense diet; weight gain is a treatment goal', TRUE) ON CONFLICT (advice_id) DO NOTHING;
INSERT INTO dinc_metadata.nutrition_advice (advice_id, advice_code, category, advice_text, is_active) VALUES ('a1929b21-80d0-5872-96c4-6656707b94a0', 'NUT-015', 'COMMUNICABLE', 'Avoid alcohol entirely during treatment due to drug interactions', TRUE) ON CONFLICT (advice_id) DO NOTHING;
INSERT INTO dinc_metadata.nutrition_advice (advice_id, advice_code, category, advice_text, is_active) VALUES ('9e8865d3-d137-5b6c-b55d-3b70b9a92511', 'NUT-016', 'COMMUNICABLE', 'Adequate hydration: 2-3 litres water/day during fever episodes', TRUE) ON CONFLICT (advice_id) DO NOTHING;
INSERT INTO dinc_metadata.nutrition_advice (advice_id, advice_code, category, advice_text, is_active) VALUES ('21845c16-7903-5b3a-b01e-b70791f8cae0', 'NUT-017', 'COMMUNICABLE', 'Malaria: balanced diet; citrus fruits for immunity', TRUE) ON CONFLICT (advice_id) DO NOTHING;
INSERT INTO dinc_metadata.nutrition_advice (advice_id, advice_code, category, advice_text, is_active) VALUES ('b205cb7d-a1fa-5a1c-a0e0-d210c6d61dd7', 'NUT-018', 'NCD', 'Hypertension: DASH diet - vegetables, fruits, whole grains, low-fat dairy', TRUE) ON CONFLICT (advice_id) DO NOTHING;
INSERT INTO dinc_metadata.nutrition_advice (advice_id, advice_code, category, advice_text, is_active) VALUES ('e6c65d86-1786-5cef-8527-6a30f3cf10fd', 'NUT-019', 'NCD', 'Diabetes: Plate method - 1/2 vegetables, 1/4 protein, 1/4 complex carbohydrates', TRUE) ON CONFLICT (advice_id) DO NOTHING;
INSERT INTO dinc_metadata.nutrition_advice (advice_id, advice_code, category, advice_text, is_active) VALUES ('5207c828-08b4-530c-bdc3-4a4a2df0a653', 'NUT-020', 'NCD', 'Restrict salt to less than 5g/day for hypertension and cardiac patients', TRUE) ON CONFLICT (advice_id) DO NOTHING;
INSERT INTO dinc_metadata.nutrition_advice (advice_id, advice_code, category, advice_text, is_active) VALUES ('88857d7e-a6e1-5ded-99ef-7d67fd4796df', 'NUT-021', 'NCD', 'Avoid refined grains, fried foods, packaged snacks, sugary drinks', TRUE) ON CONFLICT (advice_id) DO NOTHING;
INSERT INTO dinc_metadata.nutrition_advice (advice_id, advice_code, category, advice_text, is_active) VALUES ('79b7fe76-755b-55a6-a2a9-b5ca98541a63', 'NUT-022', 'NCD', 'CKD: protein restriction 0.6-0.8 g/kg/day; limit potassium in advanced stages', TRUE) ON CONFLICT (advice_id) DO NOTHING;
INSERT INTO dinc_metadata.nutrition_advice (advice_id, advice_code, category, advice_text, is_active) VALUES ('b7da3873-8b4d-5af2-91c6-a812c3e02440', 'NUT-023', 'NCD', 'Consume at least 400g fruits and vegetables daily', TRUE) ON CONFLICT (advice_id) DO NOTHING;
INSERT INTO dinc_metadata.nutrition_advice (advice_id, advice_code, category, advice_text, is_active) VALUES ('615496c2-ac12-5649-9d4d-55b80aa482f1', 'NUT-024', 'MENTAL_HEALTH', 'Regular meals stabilise mood - do not skip breakfast', TRUE) ON CONFLICT (advice_id) DO NOTHING;
INSERT INTO dinc_metadata.nutrition_advice (advice_id, advice_code, category, advice_text, is_active) VALUES ('1af5947c-3671-539c-8e7a-26c3c87536ad', 'NUT-025', 'MENTAL_HEALTH', 'Omega-3 rich foods: fish, flaxseed, walnuts', TRUE) ON CONFLICT (advice_id) DO NOTHING;
INSERT INTO dinc_metadata.nutrition_advice (advice_id, advice_code, category, advice_text, is_active) VALUES ('d6c8902d-d5ac-5265-8b95-999549eb7319', 'NUT-026', 'MENTAL_HEALTH', 'Limit caffeine and sugar intake', TRUE) ON CONFLICT (advice_id) DO NOTHING;
INSERT INTO dinc_metadata.nutrition_advice (advice_id, advice_code, category, advice_text, is_active) VALUES ('32520060-5706-5c47-995b-710713266cd1', 'NUT-027', 'MENTAL_HEALTH', 'Maintain adequate hydration', TRUE) ON CONFLICT (advice_id) DO NOTHING;
INSERT INTO dinc_metadata.nutrition_advice (advice_id, advice_code, category, advice_text, is_active) VALUES ('65b1dd5f-4c4a-52e7-8ecf-e7755c883648', 'NUT-028', 'MENTAL_HEALTH', 'Avoid alcohol due to interaction with psychiatric medications', TRUE) ON CONFLICT (advice_id) DO NOTHING;
INSERT INTO dinc_metadata.nutrition_advice (advice_id, advice_code, category, advice_text, is_active) VALUES ('bcdb1de1-3015-557f-8164-c7cb5df5102b', 'NUT-029', 'MENTAL_HEALTH', 'Tryptophan-rich foods: banana, milk, eggs', TRUE) ON CONFLICT (advice_id) DO NOTHING;
INSERT INTO dinc_metadata.nutrition_advice (advice_id, advice_code, category, advice_text, is_active) VALUES ('08141c4d-6e19-5a93-8f36-28ef5bdb0939', 'NUT-030', 'EMERGENCY', 'Ensure hydration with ORS if conscious and not vomiting', TRUE) ON CONFLICT (advice_id) DO NOTHING;
INSERT INTO dinc_metadata.nutrition_advice (advice_id, advice_code, category, advice_text, is_active) VALUES ('76e2b461-d619-583b-8b42-95e573e87239', 'NUT-031', 'EMERGENCY', 'Burns: high-protein, high-calorie diet supports wound healing', TRUE) ON CONFLICT (advice_id) DO NOTHING;
INSERT INTO dinc_metadata.nutrition_advice (advice_id, advice_code, category, advice_text, is_active) VALUES ('6d8eb7b0-b140-551a-a322-d33469e8f52f', 'NUT-032', 'EMERGENCY', 'Do not give food or water if surgery is likely or patient is unconscious', TRUE) ON CONFLICT (advice_id) DO NOTHING;
INSERT INTO dinc_metadata.nutrition_advice (advice_id, advice_code, category, advice_text, is_active) VALUES ('66df456e-07de-58bc-b5b6-68e410d4ab16', 'NUT-033', 'EMERGENCY', 'Snake bite or poisoning: keep patient NPO until hospital assessment', TRUE) ON CONFLICT (advice_id) DO NOTHING;
INSERT INTO dinc_metadata.nutrition_advice (advice_id, advice_code, category, advice_text, is_active) VALUES ('bc902c60-e172-508c-8c6f-b4b47f96e8f7', 'NUT-034', 'EMERGENCY', 'Fracture recovery: calcium-rich foods and adequate vitamin D', TRUE) ON CONFLICT (advice_id) DO NOTHING;
INSERT INTO dinc_metadata.nutrition_advice (advice_id, advice_code, category, advice_text, is_active) VALUES ('7b0c0111-e3fe-5d66-84b8-b75518e86c3f', 'NUT-035', 'ELDERLY', 'Protein 1-1.2 g/kg/day to prevent muscle loss', TRUE) ON CONFLICT (advice_id) DO NOTHING;
INSERT INTO dinc_metadata.nutrition_advice (advice_id, advice_code, category, advice_text, is_active) VALUES ('9137ad68-95a1-5ffa-9543-ebcf067eddb9', 'NUT-036', 'ELDERLY', 'Calcium 1200 mg/day plus Vitamin D 800 IU/day', TRUE) ON CONFLICT (advice_id) DO NOTHING;
INSERT INTO dinc_metadata.nutrition_advice (advice_id, advice_code, category, advice_text, is_active) VALUES ('ec7e7e43-5b8f-5930-b8ca-0ef7e3c5725d', 'NUT-037', 'ELDERLY', 'Limit salt, saturated fats, and refined sugar', TRUE) ON CONFLICT (advice_id) DO NOTHING;
INSERT INTO dinc_metadata.nutrition_advice (advice_id, advice_code, category, advice_text, is_active) VALUES ('ee1b72ac-5405-5189-aba7-30299ae77fff', 'NUT-038', 'ELDERLY', 'Soft easy-to-chew foods if dental issues are present', TRUE) ON CONFLICT (advice_id) DO NOTHING;
INSERT INTO dinc_metadata.nutrition_advice (advice_id, advice_code, category, advice_text, is_active) VALUES ('3825a583-5b3f-5a85-b00a-f28672eec9fb', 'NUT-039', 'ELDERLY', 'Small frequent meals for poor appetite', TRUE) ON CONFLICT (advice_id) DO NOTHING;
INSERT INTO dinc_metadata.nutrition_advice (advice_id, advice_code, category, advice_text, is_active) VALUES ('853c4e45-642d-53bf-b8c5-089106304dc6', 'NUT-040', 'ELDERLY', 'Avoid alcohol; limit NSAID use', TRUE) ON CONFLICT (advice_id) DO NOTHING;
INSERT INTO dinc_metadata.nutrition_advice (advice_id, advice_code, category, advice_text, is_active) VALUES ('02c59a4a-f58c-5463-b764-e1b3e3e62f82', 'NUT-041', 'GENERAL', 'Ensure beneficiaries receive JSY/JSSK nutritional entitlements', TRUE) ON CONFLICT (advice_id) DO NOTHING;
INSERT INTO dinc_metadata.nutrition_advice (advice_id, advice_code, category, advice_text, is_active) VALUES ('79827e76-379a-52a7-8923-5557ecbfc8f4', 'NUT-042', 'GENERAL', 'Refer eligible beneficiaries to ICDS/Anganwadi supplementary nutrition programmes', TRUE) ON CONFLICT (advice_id) DO NOTHING;
INSERT INTO dinc_metadata.nutrition_advice (advice_id, advice_code, category, advice_text, is_active) VALUES ('b6c790fa-a71c-5d18-81d2-92aeb3a25007', 'NUT-043', 'GENERAL', 'Encourage participation in NHM nutrition programmes', TRUE) ON CONFLICT (advice_id) DO NOTHING;
INSERT INTO dinc_metadata.nutrition_advice (advice_id, advice_code, category, advice_text, is_active) VALUES ('f9247175-fe8e-57d0-85d6-539e04e02def', 'NUT-044', 'FAQ', 'Refer to program-specific nutrition guidelines', TRUE) ON CONFLICT (advice_id) DO NOTHING;
INSERT INTO dinc_metadata.nutrition_advice (advice_id, advice_code, category, advice_text, is_active) VALUES ('1952431a-da7a-5cd4-aecc-8fcb41aee03a', 'NUT-045', 'FAQ', 'Document dietary advice provided during each counselling session', TRUE) ON CONFLICT (advice_id) DO NOTHING;

-- ---- nutrition_advice_mapping (51 rows, from worksheet 'Nutrition_Advice_Mapping') ----
INSERT INTO dinc_metadata.nutrition_advice_mapping (mapping_id, advice_code, scope_level, scope_code, display_order, is_active) VALUES ('800cd3d7-4cfd-5812-bce1-75d5fc0bdd64', 'NUT-001', 'PROGRAMME', 'PRG-001', 1, TRUE) ON CONFLICT (mapping_id) DO NOTHING;
INSERT INTO dinc_metadata.nutrition_advice_mapping (mapping_id, advice_code, scope_level, scope_code, display_order, is_active) VALUES ('7a0760f3-af29-5cad-a247-e6768aeaf382', 'NUT-002', 'PROGRAMME', 'PRG-001', 2, TRUE) ON CONFLICT (mapping_id) DO NOTHING;
INSERT INTO dinc_metadata.nutrition_advice_mapping (mapping_id, advice_code, scope_level, scope_code, display_order, is_active) VALUES ('76e11f70-f2ee-547f-9629-becd165d90f7', 'NUT-003', 'PROGRAMME', 'PRG-001', 3, TRUE) ON CONFLICT (mapping_id) DO NOTHING;
INSERT INTO dinc_metadata.nutrition_advice_mapping (mapping_id, advice_code, scope_level, scope_code, display_order, is_active) VALUES ('d7a6ae4f-07f1-532b-8a12-3bb960d296c9', 'NUT-004', 'PROGRAMME', 'PRG-001', 4, TRUE) ON CONFLICT (mapping_id) DO NOTHING;
INSERT INTO dinc_metadata.nutrition_advice_mapping (mapping_id, advice_code, scope_level, scope_code, display_order, is_active) VALUES ('7f3952b0-14c2-566a-84c6-87f9ef4b61d8', 'NUT-005', 'PROGRAMME', 'PRG-001', 5, TRUE) ON CONFLICT (mapping_id) DO NOTHING;
INSERT INTO dinc_metadata.nutrition_advice_mapping (mapping_id, advice_code, scope_level, scope_code, display_order, is_active) VALUES ('07c2d971-b43a-5313-8326-a63b91955497', 'NUT-006', 'PROGRAMME', 'PRG-001', 6, TRUE) ON CONFLICT (mapping_id) DO NOTHING;
INSERT INTO dinc_metadata.nutrition_advice_mapping (mapping_id, advice_code, scope_level, scope_code, display_order, is_active) VALUES ('54e75045-fcfa-5532-b005-624b91fdf582', 'NUT-007', 'PROGRAMME', 'PRG-002', 1, TRUE) ON CONFLICT (mapping_id) DO NOTHING;
INSERT INTO dinc_metadata.nutrition_advice_mapping (mapping_id, advice_code, scope_level, scope_code, display_order, is_active) VALUES ('d01abd03-3311-5658-834e-d413a251b433', 'NUT-007', 'PROGRAMME', 'PRG-003', 1, TRUE) ON CONFLICT (mapping_id) DO NOTHING;
INSERT INTO dinc_metadata.nutrition_advice_mapping (mapping_id, advice_code, scope_level, scope_code, display_order, is_active) VALUES ('5fdebced-225d-575c-bec1-f553c58ac869', 'NUT-008', 'PROGRAMME', 'PRG-002', 2, TRUE) ON CONFLICT (mapping_id) DO NOTHING;
INSERT INTO dinc_metadata.nutrition_advice_mapping (mapping_id, advice_code, scope_level, scope_code, display_order, is_active) VALUES ('490621e4-2f7e-51f7-a739-d81f1da08b65', 'NUT-008', 'PROGRAMME', 'PRG-003', 2, TRUE) ON CONFLICT (mapping_id) DO NOTHING;
INSERT INTO dinc_metadata.nutrition_advice_mapping (mapping_id, advice_code, scope_level, scope_code, display_order, is_active) VALUES ('dcea802a-de8f-5a92-913c-dd99bb5b215e', 'NUT-009', 'PROGRAMME', 'PRG-002', 3, TRUE) ON CONFLICT (mapping_id) DO NOTHING;
INSERT INTO dinc_metadata.nutrition_advice_mapping (mapping_id, advice_code, scope_level, scope_code, display_order, is_active) VALUES ('e3081470-d7ea-5cd7-8bfc-52cafd7ffa10', 'NUT-009', 'PROGRAMME', 'PRG-003', 3, TRUE) ON CONFLICT (mapping_id) DO NOTHING;
INSERT INTO dinc_metadata.nutrition_advice_mapping (mapping_id, advice_code, scope_level, scope_code, display_order, is_active) VALUES ('a4cb6434-95e7-590d-9715-aad378a7068a', 'NUT-010', 'PROGRAMME', 'PRG-002', 4, TRUE) ON CONFLICT (mapping_id) DO NOTHING;
INSERT INTO dinc_metadata.nutrition_advice_mapping (mapping_id, advice_code, scope_level, scope_code, display_order, is_active) VALUES ('19e8c6f9-bca2-5733-bb4a-d51aa2b09cde', 'NUT-010', 'PROGRAMME', 'PRG-003', 4, TRUE) ON CONFLICT (mapping_id) DO NOTHING;
INSERT INTO dinc_metadata.nutrition_advice_mapping (mapping_id, advice_code, scope_level, scope_code, display_order, is_active) VALUES ('bc9c30df-09bd-5ba2-b21c-99fd9800e53a', 'NUT-011', 'PROGRAMME', 'PRG-002', 5, TRUE) ON CONFLICT (mapping_id) DO NOTHING;
INSERT INTO dinc_metadata.nutrition_advice_mapping (mapping_id, advice_code, scope_level, scope_code, display_order, is_active) VALUES ('1b8d4279-5bf9-5652-bcc0-abe81e26cca9', 'NUT-011', 'PROGRAMME', 'PRG-003', 5, TRUE) ON CONFLICT (mapping_id) DO NOTHING;
INSERT INTO dinc_metadata.nutrition_advice_mapping (mapping_id, advice_code, scope_level, scope_code, display_order, is_active) VALUES ('b1889256-43e7-5ac9-b414-5ee0f70691c9', 'NUT-012', 'PROGRAMME', 'PRG-002', 6, TRUE) ON CONFLICT (mapping_id) DO NOTHING;
INSERT INTO dinc_metadata.nutrition_advice_mapping (mapping_id, advice_code, scope_level, scope_code, display_order, is_active) VALUES ('33d334b7-f03d-5840-8d35-597451204bb7', 'NUT-012', 'PROGRAMME', 'PRG-003', 6, TRUE) ON CONFLICT (mapping_id) DO NOTHING;
INSERT INTO dinc_metadata.nutrition_advice_mapping (mapping_id, advice_code, scope_level, scope_code, display_order, is_active) VALUES ('72b09004-f44c-5ac2-aab3-96afc2a129dc', 'NUT-013', 'PROGRAMME', 'PRG-005', 1, TRUE) ON CONFLICT (mapping_id) DO NOTHING;
INSERT INTO dinc_metadata.nutrition_advice_mapping (mapping_id, advice_code, scope_level, scope_code, display_order, is_active) VALUES ('3453bd98-479b-5167-88df-350fad551d0c', 'NUT-014', 'PROGRAMME', 'PRG-005', 2, TRUE) ON CONFLICT (mapping_id) DO NOTHING;
INSERT INTO dinc_metadata.nutrition_advice_mapping (mapping_id, advice_code, scope_level, scope_code, display_order, is_active) VALUES ('39b6e29b-d059-5437-974d-488fb544c012', 'NUT-015', 'PROGRAMME', 'PRG-005', 3, TRUE) ON CONFLICT (mapping_id) DO NOTHING;
INSERT INTO dinc_metadata.nutrition_advice_mapping (mapping_id, advice_code, scope_level, scope_code, display_order, is_active) VALUES ('2beb4419-cbbd-5ce0-a19b-3f0080cab638', 'NUT-016', 'PROGRAMME', 'PRG-005', 4, TRUE) ON CONFLICT (mapping_id) DO NOTHING;
INSERT INTO dinc_metadata.nutrition_advice_mapping (mapping_id, advice_code, scope_level, scope_code, display_order, is_active) VALUES ('8afafc72-3b13-51c4-b6b2-7ef0a9f8f673', 'NUT-017', 'PROGRAMME', 'PRG-005', 5, TRUE) ON CONFLICT (mapping_id) DO NOTHING;
INSERT INTO dinc_metadata.nutrition_advice_mapping (mapping_id, advice_code, scope_level, scope_code, display_order, is_active) VALUES ('cf426a30-6fbe-59ae-94f7-cd1afdf84990', 'NUT-018', 'PROGRAMME', 'PRG-007', 1, TRUE) ON CONFLICT (mapping_id) DO NOTHING;
INSERT INTO dinc_metadata.nutrition_advice_mapping (mapping_id, advice_code, scope_level, scope_code, display_order, is_active) VALUES ('c9a85c08-e7c2-5b40-b9b4-3dfa47e79d2e', 'NUT-019', 'PROGRAMME', 'PRG-007', 2, TRUE) ON CONFLICT (mapping_id) DO NOTHING;
INSERT INTO dinc_metadata.nutrition_advice_mapping (mapping_id, advice_code, scope_level, scope_code, display_order, is_active) VALUES ('00c755aa-3d59-503f-ad3c-c5dd388f29a4', 'NUT-020', 'PROGRAMME', 'PRG-007', 3, TRUE) ON CONFLICT (mapping_id) DO NOTHING;
INSERT INTO dinc_metadata.nutrition_advice_mapping (mapping_id, advice_code, scope_level, scope_code, display_order, is_active) VALUES ('62475432-dd3e-5b5b-81d8-d4a85e11afbe', 'NUT-021', 'PROGRAMME', 'PRG-007', 4, TRUE) ON CONFLICT (mapping_id) DO NOTHING;
INSERT INTO dinc_metadata.nutrition_advice_mapping (mapping_id, advice_code, scope_level, scope_code, display_order, is_active) VALUES ('9f23ad46-6e5a-531c-8b59-6a247beb430f', 'NUT-022', 'PROGRAMME', 'PRG-007', 5, TRUE) ON CONFLICT (mapping_id) DO NOTHING;
INSERT INTO dinc_metadata.nutrition_advice_mapping (mapping_id, advice_code, scope_level, scope_code, display_order, is_active) VALUES ('a95876ea-d1e6-5c27-a335-aabd0789313f', 'NUT-023', 'PROGRAMME', 'PRG-007', 6, TRUE) ON CONFLICT (mapping_id) DO NOTHING;
INSERT INTO dinc_metadata.nutrition_advice_mapping (mapping_id, advice_code, scope_level, scope_code, display_order, is_active) VALUES ('324e2bf9-1249-546a-ad01-7195f4bb2223', 'NUT-024', 'PROGRAMME', 'PRG-008', 1, TRUE) ON CONFLICT (mapping_id) DO NOTHING;
INSERT INTO dinc_metadata.nutrition_advice_mapping (mapping_id, advice_code, scope_level, scope_code, display_order, is_active) VALUES ('10201789-1d4c-54c6-bc92-6bb3c37d8d86', 'NUT-025', 'PROGRAMME', 'PRG-008', 2, TRUE) ON CONFLICT (mapping_id) DO NOTHING;
INSERT INTO dinc_metadata.nutrition_advice_mapping (mapping_id, advice_code, scope_level, scope_code, display_order, is_active) VALUES ('cb72351e-05b4-5522-b8ee-c6834838261e', 'NUT-026', 'PROGRAMME', 'PRG-008', 3, TRUE) ON CONFLICT (mapping_id) DO NOTHING;
INSERT INTO dinc_metadata.nutrition_advice_mapping (mapping_id, advice_code, scope_level, scope_code, display_order, is_active) VALUES ('4368169a-76e4-5369-8cb6-e4bc2536de7a', 'NUT-027', 'PROGRAMME', 'PRG-008', 4, TRUE) ON CONFLICT (mapping_id) DO NOTHING;
INSERT INTO dinc_metadata.nutrition_advice_mapping (mapping_id, advice_code, scope_level, scope_code, display_order, is_active) VALUES ('b983f408-c3ca-5aa6-a9f0-b42a99b99fe6', 'NUT-028', 'PROGRAMME', 'PRG-008', 5, TRUE) ON CONFLICT (mapping_id) DO NOTHING;
INSERT INTO dinc_metadata.nutrition_advice_mapping (mapping_id, advice_code, scope_level, scope_code, display_order, is_active) VALUES ('d449b7e8-8310-5226-90b5-a215cfff2438', 'NUT-029', 'PROGRAMME', 'PRG-008', 6, TRUE) ON CONFLICT (mapping_id) DO NOTHING;
INSERT INTO dinc_metadata.nutrition_advice_mapping (mapping_id, advice_code, scope_level, scope_code, display_order, is_active) VALUES ('28b8be34-f890-51f5-be25-f3cfdef6f831', 'NUT-030', 'PROGRAMME', 'PRG-012', 1, TRUE) ON CONFLICT (mapping_id) DO NOTHING;
INSERT INTO dinc_metadata.nutrition_advice_mapping (mapping_id, advice_code, scope_level, scope_code, display_order, is_active) VALUES ('829c200f-7bac-52f3-a1b6-fd8fb9390337', 'NUT-031', 'PROGRAMME', 'PRG-012', 2, TRUE) ON CONFLICT (mapping_id) DO NOTHING;
INSERT INTO dinc_metadata.nutrition_advice_mapping (mapping_id, advice_code, scope_level, scope_code, display_order, is_active) VALUES ('821b7a02-15ad-5d13-8dac-146e78dbb941', 'NUT-032', 'PROGRAMME', 'PRG-012', 3, TRUE) ON CONFLICT (mapping_id) DO NOTHING;
INSERT INTO dinc_metadata.nutrition_advice_mapping (mapping_id, advice_code, scope_level, scope_code, display_order, is_active) VALUES ('9a26897a-a060-58ed-bfc7-0c46f752df42', 'NUT-033', 'PROGRAMME', 'PRG-012', 4, TRUE) ON CONFLICT (mapping_id) DO NOTHING;
INSERT INTO dinc_metadata.nutrition_advice_mapping (mapping_id, advice_code, scope_level, scope_code, display_order, is_active) VALUES ('1b9cb9cc-b624-58a0-ad18-a5d301205733', 'NUT-034', 'PROGRAMME', 'PRG-012', 5, TRUE) ON CONFLICT (mapping_id) DO NOTHING;
INSERT INTO dinc_metadata.nutrition_advice_mapping (mapping_id, advice_code, scope_level, scope_code, display_order, is_active) VALUES ('810d5a08-9447-5dd9-a7e3-602f978fd92f', 'NUT-035', 'PROGRAMME', 'PRG-011', 1, TRUE) ON CONFLICT (mapping_id) DO NOTHING;
INSERT INTO dinc_metadata.nutrition_advice_mapping (mapping_id, advice_code, scope_level, scope_code, display_order, is_active) VALUES ('7a5e13bd-1aeb-553e-8f63-5b76eead58ed', 'NUT-036', 'PROGRAMME', 'PRG-011', 2, TRUE) ON CONFLICT (mapping_id) DO NOTHING;
INSERT INTO dinc_metadata.nutrition_advice_mapping (mapping_id, advice_code, scope_level, scope_code, display_order, is_active) VALUES ('d6f5a977-9ea9-5d31-98f8-570686feb5df', 'NUT-037', 'PROGRAMME', 'PRG-011', 3, TRUE) ON CONFLICT (mapping_id) DO NOTHING;
INSERT INTO dinc_metadata.nutrition_advice_mapping (mapping_id, advice_code, scope_level, scope_code, display_order, is_active) VALUES ('44186c17-e8cd-586a-9284-887406da6c2a', 'NUT-038', 'PROGRAMME', 'PRG-011', 4, TRUE) ON CONFLICT (mapping_id) DO NOTHING;
INSERT INTO dinc_metadata.nutrition_advice_mapping (mapping_id, advice_code, scope_level, scope_code, display_order, is_active) VALUES ('91c1ac7b-303c-5d7d-9d8c-3554d5ddc649', 'NUT-039', 'PROGRAMME', 'PRG-011', 5, TRUE) ON CONFLICT (mapping_id) DO NOTHING;
INSERT INTO dinc_metadata.nutrition_advice_mapping (mapping_id, advice_code, scope_level, scope_code, display_order, is_active) VALUES ('ece5ff33-ad7b-5415-a343-c454a8aca65b', 'NUT-040', 'PROGRAMME', 'PRG-011', 6, TRUE) ON CONFLICT (mapping_id) DO NOTHING;
INSERT INTO dinc_metadata.nutrition_advice_mapping (mapping_id, advice_code, scope_level, scope_code, display_order, is_active) VALUES ('e63a473b-23a2-508c-9ed2-af6a22d0b8a2', 'NUT-041', 'GLOBAL', 'ALL', 1, TRUE) ON CONFLICT (mapping_id) DO NOTHING;
INSERT INTO dinc_metadata.nutrition_advice_mapping (mapping_id, advice_code, scope_level, scope_code, display_order, is_active) VALUES ('c4792196-5dbd-5884-a947-cc63fce41d7e', 'NUT-042', 'GLOBAL', 'ALL', 2, TRUE) ON CONFLICT (mapping_id) DO NOTHING;
INSERT INTO dinc_metadata.nutrition_advice_mapping (mapping_id, advice_code, scope_level, scope_code, display_order, is_active) VALUES ('385dc961-e19d-5ffc-8d98-50f1012aa81f', 'NUT-043', 'GLOBAL', 'ALL', 3, TRUE) ON CONFLICT (mapping_id) DO NOTHING;
INSERT INTO dinc_metadata.nutrition_advice_mapping (mapping_id, advice_code, scope_level, scope_code, display_order, is_active) VALUES ('d54e93c8-c9cb-5003-b408-82116fc9cc26', 'NUT-044', 'GLOBAL', 'ALL', 4, TRUE) ON CONFLICT (mapping_id) DO NOTHING;
INSERT INTO dinc_metadata.nutrition_advice_mapping (mapping_id, advice_code, scope_level, scope_code, display_order, is_active) VALUES ('401d3ed2-9819-5597-9ce7-ee1b9eca1595', 'NUT-045', 'GLOBAL', 'ALL', 5, TRUE) ON CONFLICT (mapping_id) DO NOTHING;

-- ---- training_module (6 rows, from worksheet 'Training_Module') ----
INSERT INTO dinc_metadata.training_module (module_code, title, category, description, duration_minutes, content, is_active) VALUES ('TM001', 'Patient Communication Skills', 'Clinical Skills', 'Learn effective communication techniques for patient interaction.', 45, 'Active listening, empathy, clear communication, patient confidentiality, documentation, handling difficult situations, and building trust with patients.', TRUE) ON CONFLICT (module_code) DO NOTHING;
INSERT INTO dinc_metadata.training_module (module_code, title, category, description, duration_minutes, content, is_active) VALUES ('TM002', 'Emergency Response Training', 'Emergency Care', 'Respond effectively to medical emergencies.', 60, 'Emergency assessment, CPR basics, first aid skills, recovery position, emergency referral procedures, and emergency contact protocols.', TRUE) ON CONFLICT (module_code) DO NOTHING;
INSERT INTO dinc_metadata.training_module (module_code, title, category, description, duration_minutes, content, is_active) VALUES ('TM003', 'Infection Control and Prevention', 'Infection Control', 'Maintain hygiene standards and prevent infections.', 40, 'Hand hygiene, PPE usage, environmental cleaning, waste management, sterilization procedures, and infection prevention practices.', TRUE) ON CONFLICT (module_code) DO NOTHING;
INSERT INTO dinc_metadata.training_module (module_code, title, category, description, duration_minutes, content, is_active) VALUES ('TM004', 'Maternal Health Management', 'Maternal Health', 'Comprehensive maternal healthcare and safety.', 90, 'Antenatal care, nutrition during pregnancy, danger signs, labor preparation, postnatal care, and maternal health monitoring.', TRUE) ON CONFLICT (module_code) DO NOTHING;
INSERT INTO dinc_metadata.training_module (module_code, title, category, description, duration_minutes, content, is_active) VALUES ('TM005', 'Chronic Disease Management', 'Chronic Diseases', 'Management of diabetes, hypertension, and chronic conditions.', 75, 'Diabetes care, hypertension management, asthma care, COPD management, medication adherence, lifestyle counselling, and complication prevention.', TRUE) ON CONFLICT (module_code) DO NOTHING;
INSERT INTO dinc_metadata.training_module (module_code, title, category, description, duration_minutes, content, is_active) VALUES ('TM006', 'Child Health and Immunization', 'Child Health', 'Child health monitoring and immunization management.', 80, 'Growth monitoring, immunization schedules, childhood illnesses, nutritional assessment, developmental milestones, and referral criteria.', TRUE) ON CONFLICT (module_code) DO NOTHING;

-- ---- training_module_mapping (7 rows, from worksheet 'Training_Module_Mapping') ----
INSERT INTO dinc_metadata.training_module_mapping (mapping_id, module_code, scope_level, scope_code, display_order, is_active) VALUES ('6e1766d8-fa3d-533a-a4a9-525e39b557cd', 'TM001', 'GLOBAL', 'ALL', 1, TRUE) ON CONFLICT (mapping_id) DO NOTHING;
INSERT INTO dinc_metadata.training_module_mapping (mapping_id, module_code, scope_level, scope_code, display_order, is_active) VALUES ('0bbfbd12-6e38-5ffa-8db2-384fe036bc1e', 'TM002', 'PROGRAMME', 'PRG-012', 1, TRUE) ON CONFLICT (mapping_id) DO NOTHING;
INSERT INTO dinc_metadata.training_module_mapping (mapping_id, module_code, scope_level, scope_code, display_order, is_active) VALUES ('6d2979bc-acdf-5429-9b42-d615423de280', 'TM003', 'GLOBAL', 'ALL', 2, TRUE) ON CONFLICT (mapping_id) DO NOTHING;
INSERT INTO dinc_metadata.training_module_mapping (mapping_id, module_code, scope_level, scope_code, display_order, is_active) VALUES ('73f4a4b9-caff-5cfe-b5bb-875e949cde09', 'TM004', 'PROGRAMME', 'PRG-001', 1, TRUE) ON CONFLICT (mapping_id) DO NOTHING;
INSERT INTO dinc_metadata.training_module_mapping (mapping_id, module_code, scope_level, scope_code, display_order, is_active) VALUES ('15b835ad-ad5c-5626-80d7-9e83266dc00f', 'TM005', 'PROGRAMME', 'PRG-007', 1, TRUE) ON CONFLICT (mapping_id) DO NOTHING;
INSERT INTO dinc_metadata.training_module_mapping (mapping_id, module_code, scope_level, scope_code, display_order, is_active) VALUES ('fd863afe-af1c-5d9f-94b6-e22540c80ffc', 'TM006', 'PROGRAMME', 'PRG-002', 1, TRUE) ON CONFLICT (mapping_id) DO NOTHING;
INSERT INTO dinc_metadata.training_module_mapping (mapping_id, module_code, scope_level, scope_code, display_order, is_active) VALUES ('30b0776c-8ed1-54bd-90de-3bffe5223c96', 'TM006', 'PROGRAMME', 'PRG-003', 1, TRUE) ON CONFLICT (mapping_id) DO NOTHING;

-- ---- release provenance ----
INSERT INTO dinc_metadata.metadata_release (release_version, workbook_file, workbook_sha256)
VALUES ('v1.8', 'DiNC_Metadata_Master_v1.8.xlsx', 'c25641bbcb77fbf27f2b103aa189fdb5bc6027621a71adf28bfb041c99da7e26')
ON CONFLICT (release_version) DO NOTHING;

COMMIT;
-- 1017 metadata rows + 1 provenance row.
